wf_Store_Name_Old,wf_Chain,wf_Store_Number_Old,wf_Street_Old,wf_City,wf_State,zip,wf_Store_Number,wf_Store_Name,wf_Street
Whole Foods Hadley,Whole Foods,01035,327 Russell St,Hadley,MA,01035,01035,Whole Foods Hadley,327 Russell St
Whole Foods Shrewsbury,Whole Foods,01545,193 Boston Turnpike,Shrewsbury,MA,01545,01545,Whole Foods Shrewsbury,193 Boston Turnpike
Whole Foods Framingham,Whole Foods,01701,575 Worcester Rd,Framingham,MA,01701,01701,Whole Foods Framingham,575 Worcester Rd
Whole Foods Bedford,Whole Foods,01730,170 Great Rd,Bedford,MA,01730,01730,Whole Foods Bedford,170 Great Rd
Whole Foods Sudbury,Whole Foods,01776,536 Boston Post Rd,Sudbury,MA,01776,01776,Whole Foods Sudbury,536 Boston Post Rd
Whole Foods Woburn,Whole Foods,01801,400 Cambridge Rd,Woburn,MA,01801,01801,Whole Foods Woburn,400 Cambridge Rd
Whole Foods Andover,Whole Foods,01810,40 Railroad St,Andover,MA,01810,01810,Whole Foods Andover,40 Railroad St
Whole Foods Westford,Whole Foods,01886,160 Littleton Rd,Westford,MA,01886,01886,Whole Foods Westford,160 Littleton Rd
Whole Foods Swampscott,Whole Foods,01907,331 Paradise Rd,Swampscott,MA,01907,01907,Whole Foods Swampscott,331 Paradise Rd
Whole Foods Beverly,Whole Foods,01915,150 Brimbal Ave,Beverly,MA,01915,01915,Whole Foods Beverly,150 Brimbal Ave
Whole Foods Lynnfield,Whole Foods,01940,427 Walnut St,Lynnfield,MA,01940,01940,Whole Foods Lynnfield,427 Walnut St
Whole Foods Bellingham,Whole Foods,02019,255 Hartford Ave,Bellingham,MA,02019,02019,Whole Foods Bellingham,255 Hartford Ave
Whole Foods Dedham,Whole Foods,02026,300 Legacy Pl,Dedham,MA,02026,02026,Whole Foods Dedham,300 Legacy Pl
Whole Foods Hingham,Whole Foods,02043,94 Derby St,Hingham,MA,02043,02043,Whole Foods Hingham,94 Derby St
Whole Foods Charles River Plaza,Whole Foods,02114,181 Cambridge St,Boston,MA,02114,02114,Whole Foods Charles River Plaza,181 Cambridge St
Whole Foods Symphony,Whole Foods,02115,15 Westland Ave,Boston,MA,02115,02115,Whole Foods Symphony,15 Westland Ave
Whole Foods South End,Whole Foods,02118,348 Harrison Ave,Boston,MA,02118,02118,Whole Foods South End,348 Harrison Ave
Whole Foods Charlestown,Whole Foods,02129,27 Austin St,Charlestown,MA,02129,02129,Whole Foods Charlestown,27 Austin St
Whole Foods Jamaica Plain,Whole Foods,02130,413 Centre St,Jamaica Plain,MA,02130,02130,Whole Foods Jamaica Plain,413 Centre St
Whole Foods Brighton,Whole Foods,02135,15 Washington St,Brighton,MA,02135,02135,Whole Foods Brighton,15 Washington St
Whole Foods Fresh Pond,Whole Foods,02138,200 Alewife Brook Pkwy,Cambridge,MA,02138,02138,Whole Foods Fresh Pond,200 Alewife Brook Pkwy
Whole Foods Prospect Street,Whole Foods,02139,115 Prospect St,Cambridge,MA,02139,UNKNOWN,UNKNOWN,UNKNOWN
Whole Foods Somerville,Whole Foods,02143,45 Beacon St,Somerville,MA,02143,02143,Whole Foods Somerville,45 Beacon St
Whole Foods Medford,Whole Foods,02155,2151 Mystic Valley Pkwy,Medford,MA,02155,02155,Whole Foods Medford,2151 Mystic Valley Pkwy
Whole Foods Melrose,Whole Foods,02176,880 Main St,Melrose,MA,02176,02176,Whole Foods Melrose,880 Main St
Whole Foods South Weymouth,Whole Foods,02190,35 Pleasant St,South Weymouth,MA,02190,02190,Whole Foods South Weymouth,35 Pleasant St
Whole Foods Newtonville,Whole Foods,02458,647 Washington St,Newton,MA,02458,02458,Whole Foods Newtonville,647 Washington St
Whole Foods Newton,Whole Foods,02461,916 Walnut St,Newton,MA,02461,02461,Whole Foods Newton,916 Walnut St
Whole Foods Arlington Ma,Whole Foods,02476,808 Massachusetts Ave,Arlington,MA,02476,02476,Whole Foods Arlington Ma,808 Massachusetts Ave
Whole Foods Wellesley,Whole Foods,02482,442 Washington St,Wellesley,MA,02482,02482,Whole Foods Wellesley,442 Washington St
Whole Foods Hyannis,Whole Foods,02601,990 Iyannough Rd,Hyannis,MA,02601,02601,Whole Foods Hyannis,990 Iyannough Rd
Whole Foods University,Whole Foods,02904,601 N Main St,Providence,RI,02904,02904,Whole Foods University,601 N Main St
Whole Foods Providence,Whole Foods,02906,261 Waterman St,Providence,RI,02906,02906,Whole Foods Providence,261 Waterman St
Whole Foods Garden City Center,Whole Foods,02920,151 Sockanosset Cross Rd,Cranston,RI,02920,02920,Whole Foods Garden City Center,151 Sockanosset Cross Rd
Whole Foods Nashua,Whole Foods,03063,255 Amherst St,Nashua,NH,03063,03063,Whole Foods Nashua,255 Amherst St
Whole Foods Bedford New Hampshire,Whole Foods,03110,121 S River Rd,Bedford,NH,03110,03110,Whole Foods Bedford New Hampshire,121 S River Rd
Whole Foods Portsmouth,Whole Foods,03801,1600 Woodbury Ave,Portsmouth,NH,03801,03801,Whole Foods Portsmouth,1600 Woodbury Ave
Whole Foods Portland - Maine,Whole Foods,04101,2 Somerset St,Portland,ME,04101,04101,Whole Foods Portland - Maine,2 Somerset St
Whole Foods Avon Village,Whole Foods,06001,50 Climax Rd,Avon,CT,06001,06001,Whole Foods Avon Village,50 Climax Rd
Whole Foods Glastonbury,Whole Foods,06033,55 Welles St,Glastonbury,CT,06033,06033,Whole Foods Glastonbury,55 Welles St
Whole Foods South Windsor,Whole Foods,06074,800 Evergreen Way,South Windsor,CT,06074,06074,Whole Foods South Windsor,800 Evergreen Way
Whole Foods West Hartford,Whole Foods,06107,50 Raymond Rd,West Hartford,CT,06107,06107,Whole Foods West Hartford,50 Raymond Rd
Whole Foods Bishops Corner,Whole Foods,06117,340 N Main St,West Hartford,CT,06117,06117,Whole Foods Bishops Corner,340 N Main St
Whole Foods Milford,Whole Foods,06460,1686 Boston Post Road,Milford,CT,06460,06460,Whole Foods Milford,1686 Boston Post Road
Whole Foods Danbury,Whole Foods,06810,5c Sugar Hollow Rd,Danbury,CT,06810,06810,Whole Foods Danbury,5c Sugar Hollow Rd
Whole Foods Darien,Whole Foods,06820,150 Ledge Rd,Darien,CT,06820,06820,Whole Foods Darien,150 Ledge Rd
Whole Foods Fairfield,Whole Foods,06824,350 Grasmere Ave,Fairfield,CT,06824,06824,Whole Foods Fairfield,350 Grasmere Ave
Whole Foods Greenwich,Whole Foods,06830,90 E Putnam Ave,Greenwich,CT,06830,06830,Whole Foods Greenwich,90 E Putnam Ave
Whole Foods Westport,Whole Foods,06880,399 Post Rd W,Westport,CT,06880,06880,Whole Foods Westport,399 Post Rd W
Whole Foods Edgewater,Whole Foods,07020,905 River Rd,Edgewater,NJ,07020,07020,Whole Foods Edgewater,905 River Rd
Whole Foods Montclair,Whole Foods,07042,701 Bloomfield Ave,Montclair,NJ,07042,07042,Whole Foods Montclair,701 Bloomfield Ave
Whole Foods West Orange,Whole Foods,07052,235 Prospect Ave,West Orange,NJ,07052,07052,Whole Foods West Orange,235 Prospect Ave
Whole Foods Parsippany,Whole Foods,07054,60 Waterview Blvd,Parsippany,NJ,07054,07054,Whole Foods Parsippany,60 Waterview Blvd
Whole Foods Clark,Whole Foods,07066,Unit 150 1255 Raritan Rd,Clark,NJ,07066,07066,Whole Foods Clark,Unit 150 1255 Raritan Rd
Whole Foods Weehawken,Whole Foods,07086,1400 Waterfront Terrace,Weehawken,NJ,07086,07086,Whole Foods Weehawken,1400 Waterfront Terrace
Whole Foods Millburn - Union,Whole Foods,07088,2245 Springfield Ave,Vauxhall,NJ,07088,07088,Whole Foods Millburn - Union,2245 Springfield Ave
Whole Foods Newark,Whole Foods,07102,633 Broad St,Newark,NJ,07102,07102,Whole Foods Newark,633 Broad St
Whole Foods Jersey City,Whole Foods,07311,135 Greene St,Jersey City,NJ,07311,07311,Whole Foods Jersey City,135 Greene St
Whole Foods Ridgewood,Whole Foods,07450,44 Godwin Ave,Ridgewood,NJ,07450,07450,Whole Foods Ridgewood,44 Godwin Ave
Whole Foods Wayne,Whole Foods,07470,560 Valley Rd,Wayne,NJ,07470,07470,Whole Foods Wayne,560 Valley Rd
Whole Foods Closter,Whole Foods,07624,45 Vervalen St,Closter,NJ,07624,07624,Whole Foods Closter,45 Vervalen St
Whole Foods Paramus,Whole Foods,07652,300 Bergen Town Center,Paramus,NJ,07652,07652,Whole Foods Paramus,300 Bergen Town Center
Whole Foods Woodcliff Lake,Whole Foods,07677,500 Chestnut Ridge Road,Woodcliff Lake,NJ,07677,07677,Whole Foods Woodcliff Lake,500 Chestnut Ridge Road
Whole Foods Middletown,Whole Foods,07701,471 St Rt 35 N,Red Bank,NJ,07701,07701,Whole Foods Middletown,471 St Rt 35 N
Whole Foods Spring Lake Wall,Whole Foods,07719,1933 Nj-35,Wall,NJ,07719,07719,Whole Foods Spring Lake Wall,1933 Nj-35
Whole Foods Marlboro,Whole Foods,07726,113 Route 9 South,Marlboro,NJ,07726,07726,Whole Foods Marlboro,113 Route 9 South
Whole Foods Rose City,Whole Foods,07940,222 Main St,Madison,NJ,07940,07940,Whole Foods Rose City,222 Main St
Whole Foods Morristown,Whole Foods,07960,110 Washington St,Morristown,NJ,07960,07960,Whole Foods Morristown,110 Washington St
Whole Foods Cherry Hill,Whole Foods,08034,1558 Kings Hwy N,Cherry Hill,NJ,08034,08034,Whole Foods Cherry Hill,1558 Kings Hwy N
Whole Foods Marlton,Whole Foods,08053,940 Rt 73 N,Marlton,NJ,08053,08053,Whole Foods Marlton,940 Rt 73 N
Whole Foods Princeton,Whole Foods,08540,3495 Us Rt 1 S,Princeton,NJ,08540,08540,Whole Foods Princeton,3495 Us Rt 1 S
Whole Foods Bridgewater,Whole Foods,08805,319 Chimney Rock Rd,Bound Brook,NJ,08805,08805,Whole Foods Bridgewater,319 Chimney Rock Rd
Whole Foods Metuchen,Whole Foods,08840,645 Middlesex Ave,Metuchen,NJ,08840,08840,Whole Foods Metuchen,645 Middlesex Ave
Whole Foods Manhattan West,Whole Foods,10001,450 W 33rd St,New York,NY,10001,UNKNOWN,UNKNOWN,UNKNOWN
Whole Foods Bowery,Whole Foods,10002,95 East Houston St,New York,NY,10002,10002,Whole Foods Bowery,95 East Houston St
Whole Foods Union Square,Whole Foods,10003,4 Union Square S,New York,NY,10003,10003,Whole Foods Union Square,4 Union Square S
Whole Foods One Wall Street,Whole Foods,10005,66 Broadway,New York,NY,10005,10005,Whole Foods One Wall Street,66 Broadway
Whole Foods Tribeca,Whole Foods,10007,270 Greenwich St,New York,NY,10007,10007,Whole Foods Tribeca,270 Greenwich St
Whole Foods Nomad,Whole Foods,10016,63 Madison Ave,New York,NY,10016,10016,Whole Foods Nomad,63 Madison Ave
Whole Foods Columbus Circle,Whole Foods,10019,Ste Sc101 10 Columbus Cir,New York,NY,10019,10019,Whole Foods Columbus Circle,Ste Sc101 10 Columbus Cir
Whole Foods Midtown East (E 57th St),Whole Foods,10022,226 E 57th St,New York,NY,10022,10022,Whole Foods Midtown East (E 57th St),226 E 57th St
Whole Foods Upper West Side,Whole Foods,10025,808 Columbus Ave,New York,NY,10025,10025,Whole Foods Upper West Side,808 Columbus Ave
Whole Foods Harlem,Whole Foods,10027,100 W 125th St,New York,NY,10027,10027,Whole Foods Harlem,100 W 125th St
Whole Foods Bryant Park,Whole Foods,10036,1095 6th Ave,New York,NY,10036,10036,Whole Foods Bryant Park,1095 6th Ave
Whole Foods Upper East Side,Whole Foods,10128,1551 3rd Ave,New York,NY,10128,10128,Whole Foods Upper East Side,1551 3rd Ave
Whole Foods Chappaqua,Whole Foods,10514,20 The Crossing,Chappaqua,NY,10514,10514,Whole Foods Chappaqua,20 The Crossing
Whole Foods Port Chester,Whole Foods,10573,575 Boston Post Road,Port Chester,NY,10573,10573,Whole Foods Port Chester,575 Boston Post Road
Whole Foods White Plains,Whole Foods,10605,110 Bloomingdale Rd,White Plains,NY,10605,10605,Whole Foods White Plains,110 Bloomingdale Rd
Whole Foods Yonkers,Whole Foods,10710,1 Ridge Hill Blvd,Yonkers,NY,10710,10710,Whole Foods Yonkers,1 Ridge Hill Blvd
Whole Foods Manhasset,Whole Foods,11030,2101 Northern Blvd,Manhasset,NY,11030,11030,Whole Foods Manhasset,2101 Northern Blvd
Whole Foods Third And 3rd (Brooklyn),Whole Foods,11215,214 3rd St,Brooklyn,NY,11215,11215,Whole Foods Third And 3rd (Brooklyn),214 3rd St
Whole Foods Fort Greene,Whole Foods,11217,292 Ashland Pl,Brooklyn,NY,11217,11217,Whole Foods Fort Greene,292 Ashland Pl
Whole Foods Industry City,Whole Foods,11232,167 41st St,Brooklyn,NY,11232,11232,Whole Foods Industry City,167 41st St
Whole Foods Williamsburg,Whole Foods,11249,238 Bedford Ave,Brooklyn,NY,11249,11249,Whole Foods Williamsburg,238 Bedford Ave
Whole Foods Westbury,Whole Foods,11530,867 East Gate Blvd,Garden City,NY,11530,11530,Whole Foods Westbury,867 East Gate Blvd
Whole Foods Commack,Whole Foods,11725,120 Veterans Memorial Hwy 34,Commack,NY,11725,11725,Whole Foods Commack,120 Veterans Memorial Hwy 34
Whole Foods Huntington Station,Whole Foods,11746,350 Walt Whitman Road,Huntington Station,NY,11746,11746,Whole Foods Huntington Station,350 Walt Whitman Road
Whole Foods Jericho,Whole Foods,11753,429 North Broadway,Jericho,NY,11753,11753,Whole Foods Jericho,429 North Broadway
Whole Foods Lake Grove,Whole Foods,11755,120 New Moriches Rd,Lake Grove,NY,11755,11755,Whole Foods Lake Grove,120 New Moriches Rd
Whole Foods Massapequa,Whole Foods,11762,5214 Sunrise Hwy,Massapequa Park,NY,11762,11762,Whole Foods Massapequa,5214 Sunrise Hwy
Whole Foods Albany,Whole Foods,12205,1425 Central Ave,Albany,NY,12205,12205,Whole Foods Albany,1425 Central Ave
Whole Foods Buffalo,Whole Foods,14226,3139 Sheridan Dr,Amherst,NY,14226,14226,Whole Foods Buffalo,3139 Sheridan Dr
Whole Foods Rochester,Whole Foods,14618,2740 Monroe Ave,Rochester,NY,14618,14618,Whole Foods Rochester,2740 Monroe Ave
Whole Foods Wexford,Whole Foods,15090,10576 Perry Hwy,Wexford,PA,15090,15090,Whole Foods Wexford,10576 Perry Hwy
Whole Foods East Liberty,Whole Foods,15206,5700 Penn Ave,Pittsburgh,PA,15206,15206,Whole Foods East Liberty,5700 Penn Ave
Whole Foods South Hills,Whole Foods,15241,111 Siena Dr,Upper St Clair,PA,15241,15241,Whole Foods South Hills,111 Siena Dr
Whole Foods Lancaster,Whole Foods,17601,1563 Fruitville Pike,Lancaster,PA,17601,17601,Whole Foods Lancaster,1563 Fruitville Pike
Whole Foods Allentown,Whole Foods,18106,Ste 301 750 N Krocks Rd,Allentown,PA,18106,18106,Whole Foods Allentown,Ste 301 750 N Krocks Rd
Whole Foods Jenkintown,Whole Foods,19046,1575 The Fairway,Jenkintown,PA,19046,19046,Whole Foods Jenkintown,1575 The Fairway
Whole Foods Newtown,Whole Foods,19073,3737 West Chester Pike,Newtown Square,PA,19073,19073,Whole Foods Newtown,3737 West Chester Pike
Whole Foods Devon,Whole Foods,19087,821 Lancaster Ave,Wayne,PA,19087,19087,Whole Foods Devon,821 Lancaster Ave
Whole Foods Wynnewood,Whole Foods,19096,15 E Wynnewood Rd,Wynnewood,PA,19096,19096,Whole Foods Wynnewood,15 E Wynnewood Rd
Whole Foods Philly Center City,Whole Foods,19130,2101 Pennsylvania Ave,Philadelphia,PA,19130,19130,Whole Foods Philly Center City,2101 Pennsylvania Ave
Whole Foods South Street,Whole Foods,19147,929 South St,Philadelphia,PA,19147,19147,Whole Foods South Street,929 South St
Whole Foods Exton,Whole Foods,19341,175 N Pottstown Pike,Exton,PA,19341,19341,Whole Foods Exton,175 N Pottstown Pike
Whole Foods Glen Mills,Whole Foods,19342,475 Wilmington West Chester Pike,Glen Mills,PA,19342,19342,Whole Foods Glen Mills,475 Wilmington West Chester Pike
Whole Foods Plymouth Meeting,Whole Foods,19462,500 W Germantown Pike,Plymouth Meeting,PA,19462,19462,Whole Foods Plymouth Meeting,500 W Germantown Pike
Whole Foods Spring House,Whole Foods,19477,1111 N Bethlehem Pike,Spring House,PA,19477,19477,Whole Foods Spring House,1111 N Bethlehem Pike
Whole Foods Florida Avenue,Whole Foods,20001,967 Florida Avenue Nw,Washington,DC,20001,20001,Whole Foods Florida Avenue,967 Florida Avenue Nw
Whole Foods H Street,Whole Foods,20002,600 H St Ne,Washington,DC,20002,20002,Whole Foods H Street,600 H St Ne
Whole Foods South Capitol Hill,Whole Foods,20003,101 H St Se,Washington,DC,20003,20003,Whole Foods South Capitol Hill,101 H St Se
Whole Foods P Street,Whole Foods,20005,1440 P Street Nw,Washington,DC,20005,20005,Whole Foods P Street,1440 P Street Nw
Whole Foods Glover Park,Whole Foods,20007,2323 Wisconsin Ave Nw,Washington,DC,20007,20007,Whole Foods Glover Park,2323 Wisconsin Ave Nw
Whole Foods Historic Walter Reed,Whole Foods,20012,7130 12th Street Nw,Washington,DC,20012,20012,Whole Foods Historic Walter Reed,7130 12th Street Nw
Whole Foods Tenleytown,Whole Foods,20016,Tenley Circle 4530 40th St Nw,Washington,DC,20016,20016,Whole Foods Tenleytown,Tenley Circle 4530 40th St Nw
Whole Foods Foggy Bottom,Whole Foods,20037,2201 I Street Nw,Washington,DC,20037,20037,Whole Foods Foggy Bottom,2201 I Street Nw
Whole Foods Ashburn,Whole Foods,20147,Unit 160 19800 Belmont Chase Dr,Ashburn,VA,20147,20147,Whole Foods Ashburn,Unit 160 19800 Belmont Chase Dr
Whole Foods Reston,Whole Foods,20190,11660 Plaza America Dr,Reston,VA,20190,20190,Whole Foods Reston,11660 Plaza America Dr
Whole Foods Riverdale Park,Whole Foods,20737,6621-B Baltimore Ave,Riverdale,MD,20737,20737,Whole Foods Riverdale Park,6621-B Baltimore Ave
Whole Foods Friendship Heights,Whole Foods,20815,4420 Willard Ave,Chevy Chase,MD,20815,20815,Whole Foods Friendship Heights,4420 Willard Ave
Whole Foods Bethesda,Whole Foods,20816,5269 River Rd,Bethesda,MD,20816,20816,Whole Foods Bethesda,5269 River Rd
Whole Foods Rockville,Whole Foods,20852,11355 Woodglen Dr,Rockville,MD,20852,20852,Whole Foods Rockville,11355 Woodglen Dr
Whole Foods Kentlands,Whole Foods,20878,316 Kentlands Blvd,Gaithersburg,MD,20878,20878,Whole Foods Kentlands,316 Kentlands Blvd
Whole Foods Silver Spring,Whole Foods,20910,833 Wayne Ave,Silver Spring,MD,20910,20910,Whole Foods Silver Spring,833 Wayne Ave
Whole Foods Columbia - Maryland,Whole Foods,21044,10275 Little Patuxent Pkwy,Columbia,MD,21044,21044,Whole Foods Columbia - Maryland,10275 Little Patuxent Pkwy
Whole Foods Harbor East,Whole Foods,21202,711 S Central Ave,Baltimore,MD,21202,21202,Whole Foods Harbor East,711 S Central Ave
Whole Foods Towson,Whole Foods,21204,300 Towson Row,Towson,MD,21204,21204,Whole Foods Towson,300 Towson Row
Whole Foods Mt. Washington,Whole Foods,21209,1330 Smith Ave,Baltimore,MD,21209,21209,Whole Foods Mt. Washington,1330 Smith Ave
Whole Foods Annapolis,Whole Foods,21401,Ste 100 200 Harker Pl,Annapolis,MD,21401,21401,Whole Foods Annapolis,Ste 100 200 Harker Pl
Whole Foods Fair Lakes,Whole Foods,22033,4501 Market Commons Dr,Fairfax,VA,22033,22033,Whole Foods Fair Lakes,4501 Market Commons Dr
Whole Foods Tysons,Whole Foods,22043,7511 Leesburg Pike,Falls Church,VA,22043,22043,Whole Foods Tysons,7511 Leesburg Pike
Whole Foods Tysons Corner,Whole Foods,22102,1635 Boro Place,Mclean,VA,22102,22102,Whole Foods Tysons Corner,1635 Boro Place
Whole Foods Springfield Plaza,Whole Foods,22150,6426 Springfield Plaza,Springfield,VA,22150,22150,Whole Foods Springfield Plaza,6426 Springfield Plaza
Whole Foods Vienna,Whole Foods,22180,143 Maple Ave E,Vienna,VA,22180,22180,Whole Foods Vienna,143 Maple Ave E
Whole Foods Arlington Va,Whole Foods,22201,2700 Wilson Blvd,Arlington,VA,22201,22201,Whole Foods Arlington Va,2700 Wilson Blvd
Whole Foods Pentagon City,Whole Foods,22202,Ste 100 520 12th St South,Arlington,VA,22202,22202,Whole Foods Pentagon City,Ste 100 520 12th St South
Whole Foods Old Town,Whole Foods,22314,1700 Duke St,Alexandria,VA,22314,22314,Whole Foods Old Town,1700 Duke St
Whole Foods Charlottesville,Whole Foods,22901,1797 Hydraulic Rd,Charlottesville,VA,22901,22901,Whole Foods Charlottesville,1797 Hydraulic Rd
Whole Foods Short Pump,Whole Foods,23060,11173 W Broad St,Glen Allen,VA,23060,23060,Whole Foods Short Pump,11173 W Broad St
Whole Foods Richmond Va,Whole Foods,23220,2024 W Broad St,Richmond,VA,23220,23220,Whole Foods Richmond Va,2024 W Broad St
Whole Foods Virginia Beach,Whole Foods,23454,1800 Laskin Rd,Virginia Beach,VA,23454,23454,Whole Foods Virginia Beach,1800 Laskin Rd
Whole Foods Newport News,Whole Foods,23606,Ste 100 12090 Jefferson Ave,Newport News,VA,23606,23606,Whole Foods Newport News,Ste 100 12090 Jefferson Ave
Whole Foods Winston-Salem,Whole Foods,27104,41 Miller St,Winston-Salem,NC,27104,27104,Whole Foods Winston-Salem,41 Miller St
Whole Foods Greensboro Friendly,Whole Foods,27408,3202 W Friendly Ave,Greensboro,NC,27408,27408,Whole Foods Greensboro Friendly,3202 W Friendly Ave
Whole Foods Chapel Hill,Whole Foods,27514,81 S Elliot Rd,Chapel Hill,NC,27514,27514,Whole Foods Chapel Hill,81 S Elliot Rd
Whole Foods Cary,Whole Foods,27518,102b New Waverly Pl,Cary,NC,27518,27518,Whole Foods Cary,102b New Waverly Pl
Whole Foods West Cary,Whole Foods,27519,5055 Arco St,Cary,NC,27519,27519,Whole Foods West Cary,5055 Arco St
Whole Foods Raleigh,Whole Foods,27607,3540 Wade Ave,Raleigh,NC,27607,27607,Whole Foods Raleigh,3540 Wade Ave
Whole Foods North Raleigh,Whole Foods,27615,8710 Six Forks Rd,Raleigh,NC,27615,27615,Whole Foods North Raleigh,8710 Six Forks Rd
Whole Foods Durham,Whole Foods,27705,621 Broad St,Durham,NC,27705,27705,Whole Foods Durham,621 Broad St
Whole Foods Lake Norman,Whole Foods,28078,9129 Sam Furr Rd,Huntersville,NC,28078,28078,Whole Foods Lake Norman,9129 Sam Furr Rd
Whole Foods Uptown Charlotte,Whole Foods,28202,400 East Brooklyn Village Ave,Charlotte,NC,28202,28202,Whole Foods Uptown Charlotte,400 East Brooklyn Village Ave
Whole Foods Charlotte,Whole Foods,28210,6610 Fairview Rd,Charlotte,NC,28210,28210,Whole Foods Charlotte,6610 Fairview Rd
Whole Foods Waverly,Whole Foods,28277,7221 Waverly Walk Ave,Charlotte,NC,28277,28277,Whole Foods Waverly,7221 Waverly Walk Ave
Whole Foods Wilmington,Whole Foods,28403,3804 Oleander Dr,Wilmington,NC,28403,28403,Whole Foods Wilmington,3804 Oleander Dr
Whole Foods Asheville,Whole Foods,28801,70 Merrimon Ave,Asheville,NC,28801,28801,Whole Foods Asheville,70 Merrimon Ave
Whole Foods South Asheville,Whole Foods,28803,1856 Hendersonville Rd,Asheville,NC,28803,28803,Whole Foods South Asheville,1856 Hendersonville Rd
Whole Foods East Asheville,Whole Foods,28805,Ste 100 4 S Tunnel Rd,Asheville,NC,28805,28805,Whole Foods East Asheville,Ste 100 4 S Tunnel Rd
Whole Foods Columbia,Whole Foods,29205,Ste 300 702 Cross Hill Rd,Columbia,SC,29205,29205,Whole Foods Columbia,Ste 300 702 Cross Hill Rd
Whole Foods West Ashley,Whole Foods,29407,1125 Savannah Hwy,Charleston,SC,29407,29407,Whole Foods West Ashley,1125 Savannah Hwy
Whole Foods Charleston,Whole Foods,29464,923 Houston Northcutt Blvd,Mount Pleasant,SC,29464,29464,Whole Foods Charleston,923 Houston Northcutt Blvd
Whole Foods Greenville,Whole Foods,29607,1140 Woodruff Rd,Greenville,SC,29607,29607,Whole Foods Greenville,1140 Woodruff Rd
Whole Foods Hilton Head Island,Whole Foods,29928,50 Shelter Cove Ln,Hilton Head Island,SC,29928,29928,Whole Foods Hilton Head Island,50 Shelter Cove Ln
Whole Foods Avalon,Whole Foods,30009,2800 Old Milton Pkwy,Alpharetta,GA,30009,30009,Whole Foods Avalon,2800 Old Milton Pkwy
Whole Foods Decatur,Whole Foods,30033,1555 Church St,Decatur,GA,30033,30033,Whole Foods Decatur,1555 Church St
Whole Foods Merchants Walk,Whole Foods,30068,Ste 580 1311 Johnson Ferry Rd Ne,Marietta,GA,30068,30068,Whole Foods Merchants Walk,Ste 580 1311 Johnson Ferry Rd Ne
Whole Foods Johns Creek,Whole Foods,30097,5945 State Bridge Rd,Duluth,GA,30097,30097,Whole Foods Johns Creek,5945 State Bridge Rd
Whole Foods Kennesaw,Whole Foods,30144,1300 Ernest Barrett Pkwy,Kennesaw,GA,30144,30144,Whole Foods Kennesaw,1300 Ernest Barrett Pkwy
Whole Foods Buckhead,Whole Foods,30305,77 West Paces Ferry Rd Nw,Atlanta,GA,30305,30305,Whole Foods Buckhead,77 West Paces Ferry Rd Nw
Whole Foods Ponce De Leon,Whole Foods,30308,650 Ponce De Leon Ave Ne,Atlanta,GA,30308,30308,Whole Foods Ponce De Leon,650 Ponce De Leon Ave Ne
Whole Foods Midtown Atlanta,Whole Foods,30309,22 14th St Nw,Atlanta,GA,30309,30309,Whole Foods Midtown Atlanta,22 14th St Nw
Whole Foods Northside Buckhead,Whole Foods,30327,3535 Northside Pkwy,Atlanta,GA,30327,30327,Whole Foods Northside Buckhead,3535 Northside Pkwy
Whole Foods Sandy Springs,Whole Foods,30328,5930 Roswell Rd,Atlanta,GA,30328,30328,Whole Foods Sandy Springs,5930 Roswell Rd
Whole Foods Chamblee,Whole Foods,30341,Bldg 300 5001 Peachtree Blvd,Atlanta,GA,30341,30341,Whole Foods Chamblee,Bldg 300 5001 Peachtree Blvd
Whole Foods Savannah,Whole Foods,31404,Ste 101 1815 E Victory Dr,Savannah,GA,31404,31404,Whole Foods Savannah,Ste 101 1815 E Victory Dr
Whole Foods Jacksonville Beach,Whole Foods,32250,2050 3rd St S,Jacksonville Beach,FL,32250,32250,Whole Foods Jacksonville Beach,2050 3rd St S
Whole Foods Jacksonville,Whole Foods,32257,10601 San Jose Blvd,Jacksonville,FL,32257,32257,Whole Foods Jacksonville,10601 San Jose Blvd
Whole Foods Tallahassee,Whole Foods,32303,1817 Thomasville Rd,Tallahassee,FL,32303,32303,Whole Foods Tallahassee,1817 Thomasville Rd
Whole Foods Destin,Whole Foods,32541,4402 Legendary Dr,Destin,FL,32541,32541,Whole Foods Destin,4402 Legendary Dr
Whole Foods Gainesville,Whole Foods,32608,3490 Sw Archer Rd,Gainesville,FL,32608,32608,Whole Foods Gainesville,3490 Sw Archer Rd
Whole Foods Altamonte Springs,Whole Foods,32701,Ste 1000 305 E Altamonte Dr,Altamonte Springs,FL,32701,32701,Whole Foods Altamonte Springs,Ste 1000 305 E Altamonte Dr
Whole Foods Winter Park North,Whole Foods,32789,1030 N Orlando Ave,Winter Park,FL,32789,32789,Whole Foods Winter Park North,1030 N Orlando Ave
Whole Foods Orlando,Whole Foods,32819,Phillips Crossing 8003 Turkey Lake Rd,Orlando,FL,32819,32819,Whole Foods Orlando,Phillips Crossing 8003 Turkey Lake Rd
Whole Foods Pembroke Pines,Whole Foods,33027,14956 Pines Blvd,Pembroke Pines,FL,33027,33027,Whole Foods Pembroke Pines,14956 Pines Blvd
Whole Foods Pompano Beach,Whole Foods,33062,2411 N Federal Hwy,Pompano Beach,FL,33062,33062,Whole Foods Pompano Beach,2411 N Federal Hwy
Whole Foods Coral Springs,Whole Foods,33071,810 University Dr,Coral Springs,FL,33071,33071,Whole Foods Coral Springs,810 University Dr
Whole Foods Downtown Miami,Whole Foods,33131,299 Se 3rd Ave,Miami,FL,33131,33131,Whole Foods Downtown Miami,299 Se 3rd Ave
Whole Foods South Beach,Whole Foods,33139,1020 Alton Rd,Miami Beach,FL,33139,33139,Whole Foods South Beach,1020 Alton Rd
Whole Foods Coral Gables,Whole Foods,33143,6701 Red Rd,Coral Gables,FL,33143,33143,Whole Foods Coral Gables,6701 Red Rd
Whole Foods Dadeland,Whole Foods,33156,7930 Sw 104th St,Miami,FL,33156,33156,Whole Foods Dadeland,7930 Sw 104th St
Whole Foods Aventura,Whole Foods,33180,21105 Biscayne Blvd,Aventura,FL,33180,33180,Whole Foods Aventura,21105 Biscayne Blvd
Whole Foods North Miami,Whole Foods,33181,12150 Biscayne Blvd,North Miami,FL,33181,33181,Whole Foods North Miami,12150 Biscayne Blvd
Whole Foods Fort Lauderdale,Whole Foods,33305,2000 N Federal Hwy,Fort Lauderdale,FL,33305,33305,Whole Foods Fort Lauderdale,2000 N Federal Hwy
Whole Foods 17th Street,Whole Foods,33316,501 Se 17th St,Fort Lauderdale,FL,33316,33316,Whole Foods 17th Street,501 Se 17th St
Whole Foods Davie,Whole Foods,33324,1903 S University Dr,Davie,FL,33324,33324,Whole Foods Davie,1903 S University Dr
Whole Foods West Palm Beach,Whole Foods,33401,1845 Palm Beach Lakes Blvd,West Palm Beach,FL,33401,33401,Whole Foods West Palm Beach,1845 Palm Beach Lakes Blvd
Whole Foods Palm Beach Gardens,Whole Foods,33410,11701 Lake Victoria Gardens Ave,Palm Beach Gardens,FL,33410,33410,Whole Foods Palm Beach Gardens,11701 Lake Victoria Gardens Ave
Whole Foods Wellington,Whole Foods,33414,2635 Fl-7,Wellington,FL,33414,33414,Whole Foods Wellington,2635 Fl-7
Whole Foods Boca Raton,Whole Foods,33431,Ste 110 1400 Glades Rd,Boca Raton,FL,33431,33431,Whole Foods Boca Raton,Ste 110 1400 Glades Rd
Whole Foods Delray Beach,Whole Foods,33444,680 Linton Blvd,Delray Beach,FL,33444,33444,Whole Foods Delray Beach,680 Linton Blvd
Whole Foods Midtown Tampa,Whole Foods,33607,3740 Midtown Dr,Tampa,FL,33607,33607,Whole Foods Midtown Tampa,3740 Midtown Dr
Whole Foods Carrollwood,Whole Foods,33624,3802 Northdale Blvd,Tampa,FL,33624,33624,Whole Foods Carrollwood,3802 Northdale Blvd
Whole Foods St. Petersburg,Whole Foods,33704,201 38th Ave N,St Petersburg,FL,33704,33704,Whole Foods St. Petersburg,201 38th Ave N
Whole Foods Clearwater,Whole Foods,33761,27001 Us 19 N,Clearwater,FL,33761,33761,Whole Foods Clearwater,27001 Us 19 N
Whole Foods Fort Myers,Whole Foods,33912,Suite 100 6891 Daniels Pkwy,Fort Myers,FL,33912,33912,Whole Foods Fort Myers,Suite 100 6891 Daniels Pkwy
Whole Foods Naples,Whole Foods,34108,9101 Strada Pl,Naples,FL,34108,34108,Whole Foods Naples,9101 Strada Pl
Whole Foods Sarasota,Whole Foods,34236,1451 1st St,Sarasota,FL,34236,34236,Whole Foods Sarasota,1451 1st St
Whole Foods University Station,Whole Foods,34243,5298 University Pkwy,Sarasota,FL,34243,34243,Whole Foods University Station,5298 University Pkwy
Whole Foods Mountain Brook,Whole Foods,35243,3100 Cahaba Village Plaza,Birmingham,AL,35243,35243,Whole Foods Mountain Brook,3100 Cahaba Village Plaza
Whole Foods Huntsville,Whole Foods,35801,2501 Memorial Pkwy Sw,Huntsville,AL,35801,35801,Whole Foods Huntsville,2501 Memorial Pkwy Sw
Whole Foods Mcewen,Whole Foods,37067,1566 W Mcewen Dr,Franklin,TN,37067,37067,Whole Foods Mcewen,1566 W Mcewen Dr
Whole Foods Nashville Downtown,Whole Foods,37203,1202 Broadway,Nashville,TN,37203,37203,Whole Foods Nashville Downtown,1202 Broadway
Whole Foods Green Hills,Whole Foods,37215,4021 Hillsboro Pike,Nashville,TN,37215,37215,Whole Foods Green Hills,4021 Hillsboro Pike
Whole Foods Chattanooga,Whole Foods,37405,301 Manufacturers Rd,Chattanooga,TN,37405,37405,Whole Foods Chattanooga,301 Manufacturers Rd
Whole Foods Chattanooga East,Whole Foods,37421,Ste 100 1814 Gunbarrel Rd,Chattanooga,TN,37421,37421,Whole Foods Chattanooga East,Ste 100 1814 Gunbarrel Rd
Whole Foods Knoxville,Whole Foods,37919,6730 Papermill Dr Nw,Knoxville,TN,37919,37919,Whole Foods Knoxville,6730 Papermill Dr Nw
Whole Foods Poplar Avenue,Whole Foods,38117,5014 Poplar Ave,Memphis,TN,38117,38117,Whole Foods Poplar Avenue,5014 Poplar Ave
Whole Foods Germantown,Whole Foods,38138,7825 Us Highway 72,Germantown,TN,38138,38138,Whole Foods Germantown,7825 Us Highway 72
Whole Foods Jackson,Whole Foods,39211,4500 I-55 North,Jackson,MS,39211,39211,Whole Foods Jackson,4500 I-55 North
Whole Foods Louisville,Whole Foods,40207,4944 Shelbyville Rd,Louisville,KY,40207,40207,Whole Foods Louisville,4944 Shelbyville Rd
Whole Foods Lexington,Whole Foods,40517,4059 Finn Way,Lexington,KY,40517,40517,Whole Foods Lexington,4059 Finn Way
Whole Foods Easton,Whole Foods,43219,4100 Easton Gateway Dr,Columbus,OH,43219,43219,Whole Foods Easton,4100 Easton Gateway Dr
Whole Foods Upper Arlington,Whole Foods,43221,1555 W Lane Ave,Upper Arlington,OH,43221,43221,Whole Foods Upper Arlington,1555 W Lane Ave
Whole Foods Columbus,Whole Foods,43235,3670 W Dublin-Granville Rd,Columbus,OH,43235,43235,Whole Foods Columbus,3670 W Dublin-Granville Rd
Whole Foods Rocky River,Whole Foods,44116,19607 Detroit Rd,Rocky River,OH,44116,44116,Whole Foods Rocky River,19607 Detroit Rd
Whole Foods Cedar Center,Whole Foods,44118,13998 Cedar Rd,University Heights,OH,44118,44118,Whole Foods Cedar Center,13998 Cedar Rd
Whole Foods Orange Village,Whole Foods,44122,50 Wall St,Orange,OH,44122,44122,Whole Foods Orange Village,50 Wall St
Whole Foods Akron,Whole Foods,44313,1745 W Market St,Akron,OH,44313,44313,Whole Foods Akron,1745 W Market St
Whole Foods Mason,Whole Foods,45040,5805 Deerfield Blvd,Mason,OH,45040,45040,Whole Foods Mason,5805 Deerfield Blvd
Whole Foods Cincinnati,Whole Foods,45209,2693 Edmondson Rd,Cincinnati,OH,45209,45209,Whole Foods Cincinnati,2693 Edmondson Rd
Whole Foods Kenwood,Whole Foods,45236,Ste 105 5901 E Galbraith Rd,Cincinnati,OH,45236,45236,Whole Foods Kenwood,Ste 105 5901 E Galbraith Rd
Whole Foods Dayton,Whole Foods,45458,1050 Miamisburg Centerville Rd,Dayton,OH,45458,45458,Whole Foods Dayton,1050 Miamisburg Centerville Rd
Whole Foods Carmel,Whole Foods,46032,14598 Clay Terrace Blvd,Carmel,IN,46032,46032,Whole Foods Carmel,14598 Clay Terrace Blvd
Whole Foods Market Square,Whole Foods,46204,320 E Market St,Indianapolis,IN,46204,46204,Whole Foods Market Square,320 E Market St
Whole Foods Eighty-Sixth St,Whole Foods,46240,1300 E 86th St,Indianapolis,IN,46240,46240,Whole Foods Eighty-Sixth St,1300 E 86th St
Whole Foods Schererville,Whole Foods,46375,199 Us-41,Schererville,IN,46375,46375,Whole Foods Schererville,199 Us-41
Whole Foods Mishawaka,Whole Foods,46545,4230 Grape Rd,Mishawaka,IN,46545,46545,Whole Foods Mishawaka,4230 Grape Rd
Whole Foods Birmingham,Whole Foods,48009,2100 E Maple Rd,Birmingham,MI,48009,48009,Whole Foods Birmingham,2100 E Maple Rd
Whole Foods Cranbrook,Whole Foods,48103,990 W Eisenhower Pkwy,Ann Arbor,MI,48103,48103,Whole Foods Cranbrook,990 W Eisenhower Pkwy
Whole Foods Ann Arbor,Whole Foods,48104,3135 Washtenaw Ave,Ann Arbor,MI,48104,48104,Whole Foods Ann Arbor,3135 Washtenaw Ave
Whole Foods Detroit,Whole Foods,48201,115 Mack Ave,Detroit,MI,48201,48201,Whole Foods Detroit,115 Mack Ave
Whole Foods Rochester Hills,Whole Foods,48309,2918 Walton Blvd,Rochester Hills,MI,48309,48309,Whole Foods Rochester Hills,2918 Walton Blvd
Whole Foods West Bloomfield,Whole Foods,48322,7350 Orchard Lake Rd,West Bloomfield,MI,48322,48322,Whole Foods West Bloomfield,7350 Orchard Lake Rd
Whole Foods East Lansing,Whole Foods,48823,2750 E Grand River Ave,East Lansing,MI,48823,48823,Whole Foods East Lansing,2750 E Grand River Ave
Whole Foods Grand Rapids,Whole Foods,49512,2897 Radcliff Ave Se,Kentwood,MI,49512,49512,Whole Foods Grand Rapids,2897 Radcliff Ave Se
Whole Foods West Des Moines,Whole Foods,50266,4100 University Ave,West Des Moines,IA,50266,50266,Whole Foods West Des Moines,4100 University Ave
Whole Foods Milwaukee,Whole Foods,53211,2305 N Prospect Ave,Milwaukee,WI,53211,53211,Whole Foods Milwaukee,2305 N Prospect Ave
Whole Foods Wauwatosa,Whole Foods,53222,11100 W Burleigh St,Wauwatosa,WI,53222,53222,Whole Foods Wauwatosa,11100 W Burleigh St
Whole Foods Madison,Whole Foods,53705,4710 Madison Yards Way,Madison,WI,53705,53705,Whole Foods Madison,4710 Madison Yards Way
Whole Foods St Paul,Whole Foods,55104,1575 Selby Ave,St Paul,MN,55104,55104,Whole Foods St Paul,1575 Selby Ave
Whole Foods Woodbury,Whole Foods,55125,305 Radio Dr,Woodbury,MN,55125,55125,Whole Foods Woodbury,305 Radio Dr
Whole Foods Minnetonka,Whole Foods,55305,1001 Plymouth Rd,Minnetonka,MN,55305,55305,Whole Foods Minnetonka,1001 Plymouth Rd
Whole Foods Maple Grove,Whole Foods,55369,12201 Elm Creek Blvd N,Maple Grove,MN,55369,55369,Whole Foods Maple Grove,12201 Elm Creek Blvd N
Whole Foods Hennepin,Whole Foods,55401,222 Hennepin Ave,Minneapolis,MN,55401,55401,Whole Foods Hennepin,222 Hennepin Ave
Whole Foods Uptown Minneapolis,Whole Foods,55416,3060 Excelsior Blvd,Minneapolis,MN,55416,55416,Whole Foods Uptown Minneapolis,3060 Excelsior Blvd
Whole Foods Edina,Whole Foods,55435,7401 France Ave S,Edina,MN,55435,55435,Whole Foods Edina,7401 France Ave S
Whole Foods Bozeman,Whole Foods,59718,2905 West Main Street,Bozeman,MT,59718,59718,Whole Foods Bozeman,2905 West Main Street
Whole Foods Deerfield,Whole Foods,60015,760 Waukegan Rd,Deerfield,IL,60015,60015,Whole Foods Deerfield,760 Waukegan Rd
Whole Foods Kildeer,Whole Foods,60047,20281 Rand Rd,Kildeer,IL,60047,60047,Whole Foods Kildeer,20281 Rand Rd
Whole Foods Vernon Hills,Whole Foods,60061,851 N Milwaukee Ave,Vernon Hills,IL,60061,60061,Whole Foods Vernon Hills,851 N Milwaukee Ave
Whole Foods Northbrook,Whole Foods,60062,Suite M 840 Willow Rd,Northbrook,IL,60062,60062,Whole Foods Northbrook,Suite M 840 Willow Rd
Whole Foods Park Ridge,Whole Foods,60068,225 W Touhy Ave,Park Ridge,IL,60068,60068,Whole Foods Park Ridge,225 W Touhy Ave
Whole Foods Elmhurst,Whole Foods,60126,215 S Il Rte 83,Elmhurst,IL,60126,60126,Whole Foods Elmhurst,215 S Il Rte 83
Whole Foods Schaumburg,Whole Foods,60173,750 N Martingale Rd,Schaumburg,IL,60173,60173,Whole Foods Schaumburg,750 N Martingale Rd
Whole Foods Wheaton,Whole Foods,60189,89 Danada Square East,Wheaton,IL,60189,60189,Whole Foods Wheaton,89 Danada Square East
Whole Foods Downtown Evanston,Whole Foods,60201,1640 Chicago Ave,Evanston,IL,60201,UNKNOWN,UNKNOWN,UNKNOWN
Whole Foods River Forest,Whole Foods,60305,7245 Lake St,River Forest,IL,60305,60305,Whole Foods River Forest,7245 Lake St
Whole Foods Orland Park,Whole Foods,60462,15260 South La Grange Road,Orland Park,IL,60462,60462,Whole Foods Orland Park,15260 South La Grange Road
Whole Foods Hinsdale,Whole Foods,60521,500 E Ogden Ave,Hinsdale,IL,60521,60521,Whole Foods Hinsdale,500 E Ogden Ave
Whole Foods Willowbrook,Whole Foods,60527,6300 Kingery Hwy,Willowbrook,IL,60527,60527,Whole Foods Willowbrook,6300 Kingery Hwy
Whole Foods Naperville,Whole Foods,60540,2607 W 75th St,Naperville,IL,60540,60540,Whole Foods Naperville,2607 W 75th St
Whole Foods South Loop,Whole Foods,60607,Ste 107 1101 S Canal St,Chicago,IL,60607,60607,Whole Foods South Loop,Ste 107 1101 S Canal St
Whole Foods Streeterville,Whole Foods,60611,255 E Grand Ave,Chicago,IL,60611,60611,Whole Foods Streeterville,255 E Grand Ave
Whole Foods Halsted And Waveland,Whole Foods,60613,3640 N Halsted St,Chicago,IL,60613,60613,Whole Foods Halsted And Waveland,3640 N Halsted St
Whole Foods Hyde Park,Whole Foods,60615,5118 S Lake Park Ave,Chicago,IL,60615,60615,Whole Foods Hyde Park,5118 S Lake Park Ave
Whole Foods Lincoln Park,Whole Foods,60642,1550 N Kingsbury St,Chicago,IL,60642,60642,Whole Foods Lincoln Park,1550 N Kingsbury St
Whole Foods Sauganash,Whole Foods,60646,6020 N Cicero Ave,Chicago,IL,60646,60646,Whole Foods Sauganash,6020 N Cicero Ave
Whole Foods One Chicago,Whole Foods,60654,3 West Chicago Ave,Chicago,IL,60654,60654,Whole Foods One Chicago,3 West Chicago Ave
Whole Foods Lakeview,Whole Foods,60657,3201 N Ashland Ave,Chicago,IL,60657,60657,Whole Foods Lakeview,3201 N Ashland Ave
Whole Foods Chicago Edgewater,Whole Foods,60660,6009 N Broadway,Chicago,IL,60660,60660,Whole Foods Chicago Edgewater,6009 N Broadway
Whole Foods West Loop,Whole Foods,60661,1 N Halsted St,Chicago,IL,60661,60661,Whole Foods West Loop,1 N Halsted St
Whole Foods Evergreen Park,Whole Foods,60805,9600 S Western Ave,Evergreen Park,IL,60805,60805,Whole Foods Evergreen Park,9600 S Western Ave
Whole Foods Town And Country,Whole Foods,63017,1160 Town And Country Crossing Dr,Town And Country,MO,63017,63017,Whole Foods Town And Country,1160 Town And Country Crossing Dr
Whole Foods Central West End,Whole Foods,63108,4577 W Pine Blvd,St Louis,MO,63108,63108,Whole Foods Central West End,4577 W Pine Blvd
Whole Foods Galleria,Whole Foods,63144,1601 S Brentwood Blvd,St Louis,MO,63144,63144,Whole Foods Galleria,1601 S Brentwood Blvd
Whole Foods Kansas City,Whole Foods,64112,301 E 51st St,Kansas City,MO,64112,64112,Whole Foods Kansas City,301 E 51st St
Whole Foods Olathe,Whole Foods,66062,14615 W 119th St,Olathe,KS,66062,66062,Whole Foods Olathe,14615 W 119th St
Whole Foods Overland Park,Whole Foods,66213,11900 Metcalf Ave,Overland Park,KS,66213,66213,Whole Foods Overland Park,11900 Metcalf Ave
Whole Foods Wichita,Whole Foods,67206,Ste 101 1423 N Webb Rd,Wichita,KS,67206,67206,Whole Foods Wichita,Ste 101 1423 N Webb Rd
Whole Foods Omaha,Whole Foods,68114,10020 Regency Cir,Omaha,NE,68114,68114,Whole Foods Omaha,10020 Regency Cir
Whole Foods Lincoln,Whole Foods,68510,6055 O St,Lincoln,NE,68510,68510,Whole Foods Lincoln,6055 O St
Whole Foods Veterans,Whole Foods,70002,3420 Veterans Memorial Blvd,Metairie,LA,70002,70002,Whole Foods Veterans,3420 Veterans Memorial Blvd
Whole Foods Arabella Station,Whole Foods,70115,5600 Magazine St,New Orleans,LA,70115,70115,Whole Foods Arabella Station,5600 Magazine St
Whole Foods Broad Street,Whole Foods,70119,300 N Broad St,New Orleans,LA,70119,70119,Whole Foods Broad Street,300 N Broad St
Whole Foods Mandeville,Whole Foods,70471,3450 Hwy 190,Mandeville,LA,70471,70471,Whole Foods Mandeville,3450 Hwy 190
Whole Foods Ambassador Caffery,Whole Foods,70508,4247 Ambassador Caffery Pkwy,Lafayette,LA,70508,70508,Whole Foods Ambassador Caffery,4247 Ambassador Caffery Pkwy
Whole Foods Baton Rouge,Whole Foods,70809,7529 Corporate Blvd,Baton Rouge,LA,70809,70809,Whole Foods Baton Rouge,7529 Corporate Blvd
Whole Foods Shreveport,Whole Foods,71105,1380 E 70th St,Shreveport,LA,71105,71105,Whole Foods Shreveport,1380 E 70th St
Whole Foods Bowman,Whole Foods,72211,501 S Bowman Rd,Little Rock,AR,72211,72211,Whole Foods Bowman,501 S Bowman Rd
Whole Foods Fayetteville,Whole Foods,72703,3425 N College Ave,Fayetteville,AR,72703,72703,Whole Foods Fayetteville,3425 N College Ave
Whole Foods Oklahoma City,Whole Foods,73118,6001 North Western Ave,Oklahoma City,OK,73118,73118,Whole Foods Oklahoma City,6001 North Western Ave
Whole Foods Brookside,Whole Foods,74105,1401 E 41st St,Tulsa,OK,74105,74105,Whole Foods Brookside,1401 E 41st St
Whole Foods Yale,Whole Foods,74137,9136 S Yale Ave,Tulsa,OK,74137,74137,Whole Foods Yale,9136 S Yale Ave
Whole Foods Las Colinas,Whole Foods,75039,6741 N Macarthur Blvd,Irving,TX,75039,75039,Whole Foods Las Colinas,6741 N Macarthur Blvd
Whole Foods Fairview,Whole Foods,75069,105 Stacy Rd,Fairview,TX,75069,75069,Whole Foods Fairview,105 Stacy Rd
Whole Foods Highland Village,Whole Foods,75077,4041 Waller Creek,Highland Village,TX,75077,75077,Whole Foods Highland Village,4041 Waller Creek
Whole Foods Cityline,Whole Foods,75082,1411 E Renner Rd,Richardson,TX,75082,75082,Whole Foods Cityline,1411 E Renner Rd
Whole Foods Plano,Whole Foods,75093,2201 Preston Rd,Plano,TX,75093,75093,Whole Foods Plano,2201 Preston Rd
Whole Foods Uptown Dallas,Whole Foods,75201,2510 Mckinney Ave,Dallas,TX,75201,75201,Whole Foods Uptown Dallas,2510 Mckinney Ave
Whole Foods Lakewood,Whole Foods,75214,2118 Abrams Rd,Dallas,TX,75214,75214,Whole Foods Lakewood,2118 Abrams Rd
Whole Foods Highland Park,Whole Foods,75219,4100 Lomo Alto Dr,Highland Park,TX,75219,75219,Whole Foods Highland Park,4100 Lomo Alto Dr
Whole Foods Forest,Whole Foods,75230,Ste 714 11700 Preston Rd,Dallas,TX,75230,75230,Whole Foods Forest,Ste 714 11700 Preston Rd
Whole Foods Park Lane,Whole Foods,75231,Ste 351 8190 Park Ln,Dallas,TX,75231,75231,Whole Foods Park Lane,Ste 351 8190 Park Ln
Whole Foods Addison,Whole Foods,75254,Ste 1012 5100 Belt Line Rd,Addison,TX,75254,75254,Whole Foods Addison,Ste 1012 5100 Belt Line Rd
Whole Foods Parkway,Whole Foods,76011,801 E Lamar,Arlington,TX,76011,76011,Whole Foods Parkway,801 E Lamar
Whole Foods Colleyville,Whole Foods,76034,4801 Colleyvile Blvd,Colleyville,TX,76034,76034,Whole Foods Colleyville,4801 Colleyvile Blvd
Whole Foods Fort Worth,Whole Foods,76109,3720 Vision Dr,Fort Worth,TX,76109,76109,Whole Foods Fort Worth,3720 Vision Dr
Whole Foods Independence Heights,Whole Foods,77018,101 N Loop W,Houston,TX,77018,77018,Whole Foods Independence Heights,101 N Loop W
Whole Foods Montrose,Whole Foods,77019,701 Waugh Dr,Houston,TX,77019,77019,Whole Foods Montrose,701 Waugh Dr
Whole Foods Bellaire,Whole Foods,77025,4004 Bellaire Blvd,Houston,TX,77025,77025,Whole Foods Bellaire,4004 Bellaire Blvd
Whole Foods Westchase,Whole Foods,77042,11041 Westheimer Rd,Houston,TX,77042,77042,Whole Foods Westchase,11041 Westheimer Rd
Whole Foods Post Oak,Whole Foods,77056,Ste 100 1700 Post Oak Blvd,Houston,TX,77056,77056,Whole Foods Post Oak,Ste 100 1700 Post Oak Blvd
Whole Foods Voss,Whole Foods,77057,1407 S Voss Rd,Houston,TX,77057,77057,Whole Foods Voss,1407 S Voss Rd
Whole Foods Champions,Whole Foods,77070,10133 Louetta Rd,Houston,TX,77070,77070,Whole Foods Champions,10133 Louetta Rd
Whole Foods Kirby,Whole Foods,77098,2955 Kirby Dr,Houston,TX,77098,77098,Whole Foods Kirby,2955 Kirby Dr
Whole Foods The Woodlands,Whole Foods,77380,Ste 100 1925 Hughes Landing Blvd,The Woodlands,TX,77380,77380,Whole Foods The Woodlands,Ste 100 1925 Hughes Landing Blvd
Whole Foods Sugar Land,Whole Foods,77478,15900 Southwest Fwy,Sugar Land,TX,77478,77478,Whole Foods Sugar Land,15900 Southwest Fwy
Whole Foods Katy,Whole Foods,77494,6601 S Fry Rd,Katy,TX,77494,77494,Whole Foods Katy,6601 S Fry Rd
Whole Foods Alamo Quarry,Whole Foods,78209,Ste 130 255 E Basse Rd,San Antonio,TX,78209,78209,Whole Foods Alamo Quarry,Ste 130 255 E Basse Rd
Whole Foods Vineyard,Whole Foods,78258,18403 Blanco Rd,San Antonio,TX,78258,78258,Whole Foods Vineyard,18403 Blanco Rd
Whole Foods Cedar Park,Whole Foods,78613,Bldg A Ste 100 5001 183 Toll Rd,Cedar Park,TX,78613,78613,Whole Foods Cedar Park,Bldg A Ste 100 5001 183 Toll Rd
Whole Foods East Austin,Whole Foods,78702,Ste 100 901 E 5th St,Austin,TX,78702,78702,Whole Foods East Austin,Ste 100 901 E 5th St
Whole Foods Lamar,Whole Foods,78703,525 N Lamar Blvd,Austin,TX,78703,78703,Whole Foods Lamar,525 N Lamar Blvd
Whole Foods Bee Cave,Whole Foods,78738,12601 Hill Country Blvd,Bee Cave,TX,78738,78738,Whole Foods Bee Cave,12601 Hill Country Blvd
Whole Foods Arbor Trails,Whole Foods,78749,Bldg B Ste 800 4301 W William Cannon,Austin,TX,78749,78749,Whole Foods Arbor Trails,Bldg B Ste 800 4301 W William Cannon
Whole Foods Domain,Whole Foods,78758,11920 Domain Dr,Austin,TX,78758,78758,Whole Foods Domain,11920 Domain Dr
Whole Foods Gateway,Whole Foods,78759,Ste 300 9607 Research Blvd,Austin,TX,78759,78759,Whole Foods Gateway,Ste 300 9607 Research Blvd
Whole Foods El Paso,Whole Foods,79912,100 Pitt St,El Paso,TX,79912,79912,Whole Foods El Paso,100 Pitt St
Whole Foods Superior,Whole Foods,80027,303 Marshall Rd,Superior,CO,80027,80027,Whole Foods Superior,303 Marshall Rd
Whole Foods Bradburn,Whole Foods,80031,4451 Main St,Westminster,CO,80031,80031,Whole Foods Bradburn,4451 Main St
Whole Foods Castle Rock,Whole Foods,80108,6384 Promenade Pkwy,Castle Rock,CO,80108,80108,Whole Foods Castle Rock,6384 Promenade Pkwy
Whole Foods Southglenn,Whole Foods,80122,Ste 119 6853 S York,Centennial,CO,80122,80122,Whole Foods Southglenn,Ste 119 6853 S York
Whole Foods Governor's Ranch,Whole Foods,80123,5155 S Wadsworth Blvd,Littleton,CO,80123,80123,Whole Foods Governor's Ranch,5155 S Wadsworth Blvd
Whole Foods Highlands Ranch,Whole Foods,80126,Ste B 9366 S Colorado Blvd,Highlands Ranch,CO,80126,80126,Whole Foods Highlands Ranch,Ste B 9366 S Colorado Blvd
Whole Foods Union Station,Whole Foods,80202,1701 Wewatta St,Denver,CO,80202,80202,Whole Foods Union Station,1701 Wewatta St
Whole Foods Cherry Creek,Whole Foods,80206,2375 E 1st Ave,Denver,CO,80206,80206,Whole Foods Cherry Creek,2375 E 1st Ave
Whole Foods Washington Park,Whole Foods,80210,1111 S Washington St,Denver,CO,80210,80210,Whole Foods Washington Park,1111 S Washington St
Whole Foods Capitol Hill,Whole Foods,80218,900 E 11th Ave,Denver,CO,80218,80218,Whole Foods Capitol Hill,900 E 11th Ave
Whole Foods Belmar,Whole Foods,80226,444 S Wadsworth Blvd,Lakewood,CO,80226,80226,Whole Foods Belmar,444 S Wadsworth Blvd
Whole Foods Tamarac,Whole Foods,80231,Unit D 7400 E Hampden Ave,Denver,CO,80231,80231,Whole Foods Tamarac,Unit D 7400 E Hampden Ave
Whole Foods Colorado Blvd,Whole Foods,80246,870 S Colorado Blvd,Glendale,CO,80246,80246,Whole Foods Colorado Blvd,870 S Colorado Blvd
Whole Foods Pearl,Whole Foods,80301,2905 Pearl St,Boulder,CO,80301,80301,Whole Foods Pearl,2905 Pearl St
Whole Foods Ideal Market Boulder,Whole Foods,80304,1275 Alpine Ave,Boulder,CO,80304,80304,Whole Foods Ideal Market Boulder,1275 Alpine Ave
Whole Foods Boulder Table Mesa,Whole Foods,80305,695 S Broadway,Boulder,CO,80305,80305,Whole Foods Boulder Table Mesa,695 S Broadway
Whole Foods Colfax,Whole Foods,80401,14357 W Colfax Ave,Golden,CO,80401,80401,Whole Foods Colfax,14357 W Colfax Ave
Whole Foods Frisco,Whole Foods,80443,261 Lusher Ct,Frisco,CO,80443,80443,Whole Foods Frisco,261 Lusher Ct
Whole Foods Longmont,Whole Foods,80501,Ste 300 1250 South Hover Rd,Longmont,CO,80501,80501,Whole Foods Longmont,Ste 300 1250 South Hover Rd
Whole Foods Fort Collins,Whole Foods,80525,2201 S College Ave,Fort Collins,CO,80525,80525,Whole Foods Fort Collins,2201 S College Ave
Whole Foods Pikes Peak,Whole Foods,80920,7635 N Academy Blvd,Colorado Springs,CO,80920,80920,Whole Foods Pikes Peak,7635 N Academy Blvd
Whole Foods Roaring Fork,Whole Foods,81621,340 Reed St,Basalt,CO,81621,81621,Whole Foods Roaring Fork,340 Reed St
Whole Foods Jackson Wyoming,Whole Foods,83001,1155 S Highway 89,Jackson,WY,83001,83001,Whole Foods Jackson Wyoming,1155 S Highway 89
Whole Foods Boise,Whole Foods,83702,401 S Broadway Ave,Boise,ID,83702,83702,Whole Foods Boise,401 S Broadway Ave
Whole Foods Canyon Corners,Whole Foods,84098,6598 N Landmark Dr,Park City,UT,84098,84098,Whole Foods Canyon Corners,6598 N Landmark Dr
Whole Foods Trolley Square,Whole Foods,84102,544 S 700 E,Salt Lake City,UT,84102,84102,Whole Foods Trolley Square,544 S 700 E
Whole Foods Sugar House,Whole Foods,84106,1131 E Wilmington Ave,Salt Lake City,UT,84106,84106,Whole Foods Sugar House,1131 E Wilmington Ave
Whole Foods Cottonwood Heights,Whole Foods,84121,6930 S Highland Dr,Cottonwood Heights,UT,84121,84121,Whole Foods Cottonwood Heights,6930 S Highland Dr
Whole Foods Camelback,Whole Foods,85016,4701 N 20th St,Phoenix,AZ,85016,85016,Whole Foods Camelback,4701 N 20th St
Whole Foods Paradise Valley,Whole Foods,85028,10810 N Tatum Blvd,Phoenix,AZ,85028,85028,Whole Foods Paradise Valley,10810 N Tatum Blvd
Whole Foods Scottsdale,Whole Foods,85054,7111 E Mayo Blvd,Phoenix,AZ,85054,85054,Whole Foods Scottsdale,7111 E Mayo Blvd
Whole Foods Chandler,Whole Foods,85224,2955 W Ray Rd,Chandler,AZ,85224,85224,Whole Foods Chandler,2955 W Ray Rd
Whole Foods Tempe,Whole Foods,85281,Ste 101 750 S Ash Ave,Tempe,AZ,85281,85281,Whole Foods Tempe,Ste 101 750 S Ash Ave
Whole Foods Oracle,Whole Foods,85704,7133 N Oracle Rd,Tucson,AZ,85704,85704,Whole Foods Oracle,7133 N Oracle Rd
Whole Foods Speedway,Whole Foods,85716,3360 E Speedway Blvd,Tucson,AZ,85716,85716,Whole Foods Speedway,3360 E Speedway Blvd
Whole Foods River Road,Whole Foods,85750,5555 E River Rd,Tucson,AZ,85750,85750,Whole Foods River Road,5555 E River Rd
Whole Foods Flagstaff,Whole Foods,86001,320 S Cambridge Ln,Flagstaff,AZ,86001,86001,Whole Foods Flagstaff,320 S Cambridge Ln
Whole Foods Sedona,Whole Foods,86336,1420 W State Rte 89a,Sedona,AZ,86336,86336,Whole Foods Sedona,1420 W State Rte 89a
Whole Foods Academy,Whole Foods,87109,5815 Wyoming Blvd Ne,Albuquerque,NM,87109,87109,Whole Foods Academy,5815 Wyoming Blvd Ne
Whole Foods Albuquerque,Whole Foods,87110,2100 Carlisle Blvd Ne,Albuquerque,NM,87110,87110,Whole Foods Albuquerque,2100 Carlisle Blvd Ne
Whole Foods Santa Fe (Cerrillos),Whole Foods,87505,753 Cerrillos Rd,Santa Fe,NM,87505,87505,Whole Foods Santa Fe (Cerrillos),753 Cerrillos Rd
Whole Foods Henderson,Whole Foods,89012,100 S Green Valley Pkwy,Henderson,NV,89012,89012,Whole Foods Henderson,100 S Green Valley Pkwy
Whole Foods Fort Apache,Whole Foods,89117,8855 W Charleston Blvd,Las Vegas,NV,89117,89117,Whole Foods Fort Apache,8855 W Charleston Blvd
Whole Foods Las Vegas Blvd,Whole Foods,89119,6689 Las Vegas Blvd,Las Vegas,NV,89119,89119,Whole Foods Las Vegas Blvd,6689 Las Vegas Blvd
Whole Foods Tenaya,Whole Foods,89128,7250 W Lake Mead Blvd,Las Vegas,NV,89128,89128,Whole Foods Tenaya,7250 W Lake Mead Blvd
Whole Foods Reno,Whole Foods,89502,6139 S Virginia St,Reno,NV,89502,89502,Whole Foods Reno,6139 S Virginia St
Whole Foods Culver City,Whole Foods,90016,3377 S La Cienega Blvd,Los Angeles,CA,90016,90016,Whole Foods Culver City,3377 S La Cienega Blvd
Whole Foods Downtown Los Angeles,Whole Foods,90017,788 S Grand Ave,Los Angeles,CA,90017,90017,Whole Foods Downtown Los Angeles,788 S Grand Ave
Whole Foods Westwood,Whole Foods,90024,1050 S Gayley Ave,Los Angeles,CA,90024,90024,Whole Foods Westwood,1050 S Gayley Ave
Whole Foods 3rd & Fairfax,Whole Foods,90036,6350 W 3rd St,Los Angeles,CA,90036,90036,Whole Foods 3rd & Fairfax,6350 W 3rd St
Whole Foods Silver Lake,Whole Foods,90039,2520 Glendale Blvd,Los Angeles,CA,90039,90039,Whole Foods Silver Lake,2520 Glendale Blvd
Whole Foods West Hollywood,Whole Foods,90046,7871 Santa Monica Blvd,West Hollywood,CA,90046,90046,Whole Foods West Hollywood,7871 Santa Monica Blvd
Whole Foods Brentwood,Whole Foods,90049,11737 San Vicente Blvd,Los Angeles,CA,90049,90049,Whole Foods Brentwood,11737 San Vicente Blvd
Whole Foods West Los Angeles,Whole Foods,90064,11666 National Blvd,Los Angeles,CA,90064,90064,Whole Foods West Los Angeles,11666 National Blvd
Whole Foods Playa Vista,Whole Foods,90094,12746 W Jefferson Blvd,Playa Vista,CA,90094,90094,Whole Foods Playa Vista,12746 W Jefferson Blvd
Whole Foods Beverly Hills,Whole Foods,90210,239 N Crescent Dr,Beverly Hills,CA,90210,90210,Whole Foods Beverly Hills,239 N Crescent Dr
Whole Foods Plaza El Segundo,Whole Foods,90245,760 S Sepulveda Blvd,El Segundo,CA,90245,90245,Whole Foods Plaza El Segundo,760 S Sepulveda Blvd
Whole Foods Malibu,Whole Foods,90265,23401 CIVic Center Way,Malibu,CA,90265,90265,Whole Foods Malibu,23401 CIVic Center Way
Whole Foods Redondo Beach,Whole Foods,90277,405 N Pacific Coast Hwy,Redondo Beach,CA,90277,90277,Whole Foods Redondo Beach,405 N Pacific Coast Hwy
Whole Foods Venice,Whole Foods,90291,225 Lincoln Blvd,Venice,CA,90291,90291,Whole Foods Venice,225 Lincoln Blvd
Whole Foods Montana Avenue,Whole Foods,90403,1425 Montana Ave,Santa Monica,CA,90403,UNKNOWN,UNKNOWN,UNKNOWN
Whole Foods Santa Monica Pico,Whole Foods,90404,2121 Cloverfield Blvd,Santa Monica,CA,90404,90404,Whole Foods Santa Monica Pico,2121 Cloverfield Blvd
Whole Foods Torrance,Whole Foods,90505,2655 Pacific Coast Hwy,Torrance,CA,90505,90505,Whole Foods Torrance,2655 Pacific Coast Hwy
Whole Foods Long Beach,Whole Foods,90803,Ste A-100 6400 E Pacific Coast Hwy,Long Beach,CA,90803,90803,Whole Foods Long Beach,Ste A-100 6400 E Pacific Coast Hwy
Whole Foods Long Beach Lakewood,Whole Foods,90808,Ste A 3881 Lakewood Blvd,Long Beach,CA,90808,90808,Whole Foods Long Beach Lakewood,Ste A 3881 Lakewood Blvd
Whole Foods Arroyo,Whole Foods,91105,465 S Arroyo Pkwy,Pasadena,CA,91105,91105,Whole Foods Arroyo,465 S Arroyo Pkwy
Whole Foods Pasadena,Whole Foods,91107,3751 E Foothill Blvd,Pasadena,CA,91107,91107,Whole Foods Pasadena,3751 E Foothill Blvd
Whole Foods Glendale,Whole Foods,91206,331 N Glendale Ave,Glendale,CA,91206,91206,Whole Foods Glendale,331 N Glendale Ave
Whole Foods Porter Ranch,Whole Foods,91326,20209 W Rinaldi St,Porter Ranch,CA,91326,91326,Whole Foods Porter Ranch,20209 W Rinaldi St
Whole Foods Valencia,Whole Foods,91355,24130 Valencia Blvd,Santa Clarita,CA,91355,91355,Whole Foods Valencia,24130 Valencia Blvd
Whole Foods Thousand Oaks,Whole Foods,91360,740 North Moorpark Rd,Thousand Oaks,CA,91360,91360,Whole Foods Thousand Oaks,740 North Moorpark Rd
Whole Foods Woodland Hills,Whole Foods,91364,21347 Ventura Blvd,Woodland Hills,CA,91364,91364,Whole Foods Woodland Hills,21347 Ventura Blvd
Whole Foods Sherman Oaks West,Whole Foods,91403,4520 N Sepulveda Blvd,Sherman Oaks,CA,91403,91403,Whole Foods Sherman Oaks West,4520 N Sepulveda Blvd
Whole Foods Sherman Oaks,Whole Foods,91423,14311 Ventura Blvd,Sherman Oaks,CA,91423,UNKNOWN,UNKNOWN,UNKNOWN
Whole Foods Burbank,Whole Foods,91505,3401 W Olive Ave,Burbank,CA,91505,91505,Whole Foods Burbank,3401 W Olive Ave
Whole Foods Upland,Whole Foods,91784,2153 W Baseline Rd,Upland,CA,91784,91784,Whole Foods Upland,2153 W Baseline Rd
Whole Foods Del Mar,Whole Foods,92014,Ste 100 2600 Via De La Valle,Del Mar,CA,92014,92014,Whole Foods Del Mar,Ste 100 2600 Via De La Valle
Whole Foods La Jolla,Whole Foods,92037,8825 Villa La Jolla Dr,La Jolla,CA,92037,92037,Whole Foods La Jolla,8825 Villa La Jolla Dr
Whole Foods Hillcrest,Whole Foods,92103,711 University Ave,San Diego,CA,92103,92103,Whole Foods Hillcrest,711 University Ave
Whole Foods Palm Desert,Whole Foods,92260,44-459 Town Center Way,Palm Desert,CA,92260,92260,Whole Foods Palm Desert,44-459 Town Center Way
Whole Foods Irvine,Whole Foods,92618,8525 Irvine Center Dr,Irvine,CA,92618,92618,Whole Foods Irvine,8525 Irvine Center Dr
Whole Foods Brookhurst,Whole Foods,92646,10081 Adams Ave,Huntington Beach,CA,92646,92646,Whole Foods Brookhurst,10081 Adams Ave
Whole Foods Huntington Beach,Whole Foods,92647,Ste 150 7881 Edinger Ave,Huntington Beach,CA,92647,92647,Whole Foods Huntington Beach,Ste 150 7881 Edinger Ave
Whole Foods Laguna Beach,Whole Foods,92651,283 Broadway St,Laguna Beach,CA,92651,92651,Whole Foods Laguna Beach,283 Broadway St
Whole Foods Newport Beach,Whole Foods,92660,415 Newport Center Dr,Newport Beach,CA,92660,92660,Whole Foods Newport Beach,415 Newport Center Dr
Whole Foods Laguna Niguel,Whole Foods,92677,23932 Aliso Creek Rd,Laguna Niguel,CA,92677,92677,Whole Foods Laguna Niguel,23932 Aliso Creek Rd
Whole Foods Jamboree,Whole Foods,92782,2847 Park Ave,Tustin,CA,92782,92782,Whole Foods Jamboree,2847 Park Ave
Whole Foods Brea,Whole Foods,92823,3301 E Imperial Hwy,Brea,CA,92823,92823,Whole Foods Brea,3301 E Imperial Hwy
Whole Foods Oxnard,Whole Foods,93036,650 Town Center Dr,Oxnard,CA,93036,93036,Whole Foods Oxnard,650 Town Center Dr
Whole Foods Santa Barbara,Whole Foods,93105,3761 State St,Santa Barbara,CA,93105,93105,Whole Foods Santa Barbara,3761 State St
Whole Foods San Luis Obispo,Whole Foods,93405,1531 Froom Ranch Way,San Luis Obispo,CA,93405,93405,Whole Foods San Luis Obispo,1531 Froom Ranch Way
Whole Foods Fresno,Whole Foods,93704,650 W Shaw Ave,Fresno,CA,93704,93704,Whole Foods Fresno,650 W Shaw Ave
Whole Foods Monterey,Whole Foods,93940,800 Del Monte Center,Monterey,CA,93940,93940,Whole Foods Monterey,800 Del Monte Center
Whole Foods Los Altos,Whole Foods,94022,4800 El Camino Real,Los Altos,CA,94022,94022,Whole Foods Los Altos,4800 El Camino Real
Whole Foods Redwood City,Whole Foods,94062,1250 Jefferson Ave,Redwood City,CA,94062,94062,Whole Foods Redwood City,1250 Jefferson Ave
Whole Foods Sunnyvale,Whole Foods,94086,150 E Mckinley Ave,Sunnyvale,CA,94086,94086,Whole Foods Sunnyvale,150 E Mckinley Ave
Whole Foods Potrero Hill,Whole Foods,94107,450 Rhode Island St,San Francisco,CA,94107,UNKNOWN,UNKNOWN,UNKNOWN
Whole Foods Franklin,Whole Foods,94109,1765 California St,San Francisco,CA,94109,94109,Whole Foods Franklin,1765 California St
Whole Foods Ocean,Whole Foods,94112,1150 Ocean Ave,San Francisco,CA,94112,94112,Whole Foods Ocean,1150 Ocean Ave
Whole Foods 2001 Market Street,Whole Foods,94114,2001 Market St,San Francisco,CA,94114,UNKNOWN,UNKNOWN,UNKNOWN
Whole Foods Haight Street,Whole Foods,94117,690 Stanyan St,San Francisco,CA,94117,94117,Whole Foods Haight Street,690 Stanyan St
Whole Foods Stonestown,Whole Foods,94132,Suite 340 3251 20th Ave,San Francisco,CA,94132,94132,Whole Foods Stonestown,Suite 340 3251 20th Ave
Whole Foods Palo Alto,Whole Foods,94301,774 Emerson St,Palo Alto,CA,94301,94301,Whole Foods Palo Alto,774 Emerson St
Whole Foods San Mateo,Whole Foods,94403,1010 Park Pl,San Mateo,CA,94403,94403,Whole Foods San Mateo,1010 Park Pl
Whole Foods Concord,Whole Foods,94520,Ste 125 2085 Diamond Blvd,Concord,CA,94520,94520,Whole Foods Concord,Ste 125 2085 Diamond Blvd
Whole Foods Fremont - California,Whole Foods,94538,3111 Mowry Ave,Fremont,CA,94538,94538,Whole Foods Fremont - California,3111 Mowry Ave
Whole Foods Lafayette,Whole Foods,94549,3502 Mt Diablo Blvd,Lafayette,CA,94549,94549,Whole Foods Lafayette,3502 Mt Diablo Blvd
Whole Foods Napa,Whole Foods,94558,3682 Bel Aire Plaza,Napa,CA,94558,94558,Whole Foods Napa,3682 Bel Aire Plaza
Whole Foods Dublin Ca,Whole Foods,94568,5200 Dublin Blvd,Dublin,CA,94568,94568,Whole Foods Dublin Ca,5200 Dublin Blvd
Whole Foods San Ramon,Whole Foods,94583,100 Sunset Dr,San Ramon,CA,94583,94583,Whole Foods San Ramon,100 Sunset Dr
Whole Foods Walnut Creek,Whole Foods,94596,1333 Newell Ave,Walnut Creek,CA,94596,94596,Whole Foods Walnut Creek,1333 Newell Ave
Whole Foods Ygnacio Valley Road,Whole Foods,94598,2941 Ygnacio Valley Rd,Walnut Creek,CA,94598,94598,Whole Foods Ygnacio Valley Road,2941 Ygnacio Valley Rd
Whole Foods Temescal,Whole Foods,94609,5110 Telegraph Ave,Oakland,CA,94609,94609,Whole Foods Temescal,5110 Telegraph Ave
Whole Foods Oakland,Whole Foods,94612,230 Bay Pl,Oakland,CA,94612,94612,Whole Foods Oakland,230 Bay Pl
Whole Foods Berkeley,Whole Foods,94705,3000 Telegraph Ave,Berkeley,CA,94705,94705,Whole Foods Berkeley,3000 Telegraph Ave
Whole Foods Gilman,Whole Foods,94710,1025 Gilman St,Berkeley,CA,94710,94710,Whole Foods Gilman,1025 Gilman St
Whole Foods San Rafael,Whole Foods,94901,340 3rd St,San Rafael,CA,94901,94901,Whole Foods San Rafael,340 3rd St
Whole Foods MIll Valley,Whole Foods,94941,414 Miller Ave,MIll Valley,CA,94941,UNKNOWN,UNKNOWN,UNKNOWN
Whole Foods Novato,Whole Foods,94945,790 De Long Ave,Novato,CA,94945,94945,Whole Foods Novato,790 De Long Ave
Whole Foods Petaluma,Whole Foods,94952,621 E Washington St,Petaluma,CA,94952,94952,Whole Foods Petaluma,621 E Washington St
Whole Foods Campbell,Whole Foods,95008,1690 S Bascom Ave,Campbell,CA,95008,95008,Whole Foods Campbell,1690 S Bascom Ave
Whole Foods Capitola,Whole Foods,95010,1710 41st Ave,Capitola,CA,95010,95010,Whole Foods Capitola,1710 41st Ave
Whole Foods Cupertino,Whole Foods,95014,20955 Stevens Creek Blvd,Cupertino,CA,95014,95014,Whole Foods Cupertino,20955 Stevens Creek Blvd
Whole Foods Los Gatos,Whole Foods,95032,15980 Los Gatos Blvd,Los Gatos,CA,95032,95032,Whole Foods Los Gatos,15980 Los Gatos Blvd
Whole Foods Santa Clara,Whole Foods,95054,Ste 1600 2732 Augustine Dr,Santa Clara,CA,95054,95054,Whole Foods Santa Clara,Ste 1600 2732 Augustine Dr
Whole Foods Santa Cruz,Whole Foods,95062,911 Soquel Ave,Santa Cruz,CA,95062,95062,Whole Foods Santa Cruz,911 Soquel Ave
Whole Foods Blossom Hill,Whole Foods,95118,1146 Blossom Hill Rd,San Jose,CA,95118,95118,Whole Foods Blossom Hill,1146 Blossom Hill Rd
Whole Foods San Jose - On The Alameda,Whole Foods,95126,777 The Alameda,San Jose,CA,95126,95126,Whole Foods San Jose - On The Alameda,777 The Alameda
Whole Foods Coddingtown,Whole Foods,95401,390 Coddingtown Mall,Santa Rosa,CA,95401,95401,Whole Foods Coddingtown,390 Coddingtown Mall
Whole Foods Santa Rosa,Whole Foods,95405,1181 Yulupa Ave,Santa Rosa,CA,95405,95405,Whole Foods Santa Rosa,1181 Yulupa Ave
Whole Foods Sebastopol,Whole Foods,95472,6910 Mckinley St,Sebastopol,CA,95472,95472,Whole Foods Sebastopol,6910 Mckinley St
Whole Foods Sonoma,Whole Foods,95476,201 W Napa St,Sonoma,CA,95476,95476,Whole Foods Sonoma,201 W Napa St
Whole Foods Folsom,Whole Foods,95630,270 Palladio Pkwy,Folsom,CA,95630,95630,Whole Foods Folsom,270 Palladio Pkwy
Whole Foods Roseville,Whole Foods,95678,1001 Galleria Blvd,Roseville,CA,95678,95678,Whole Foods Roseville,1001 Galleria Blvd
Whole Foods Sacramento,Whole Foods,95864,4315 Arden Way,Sacramento,CA,95864,95864,Whole Foods Sacramento,4315 Arden Way
Whole Foods South Lake Tahoe,Whole Foods,96150,3600 Lake Tahoe Blvd,South Lake Tahoe,CA,96150,96150,Whole Foods South Lake Tahoe,3600 Lake Tahoe Blvd
Whole Foods Maui,Whole Foods,96732,70 E Kaahumanu Ave,Kahului,HI,96732,96732,Whole Foods Maui,70 E Kaahumanu Ave
Whole Foods Kailua,Whole Foods,96734,Ste 100 629 Kailua Rd,Kailua,HI,96734,96734,Whole Foods Kailua,Ste 100 629 Kailua Rd
Whole Foods Queen,Whole Foods,96814,Street 100 388 Kamakee St,Honolulu,HI,96814,96814,Whole Foods Queen,Street 100 388 Kamakee St
Whole Foods Honolulu (Kahala Mall),Whole Foods,96816,Ste 2000 4211 Wai'alae Ave,Honolulu,HI,96816,96816,Whole Foods Honolulu (Kahala Mall),Ste 2000 4211 Wai'alae Ave
Whole Foods Lake Oswego,Whole Foods,97034,11 S State St,Lake Oswego,OR,97034,97034,Whole Foods Lake Oswego,11 S State St
Whole Foods Tanasbourne,Whole Foods,97124,9940 Ne Cornell Rd,Hillsboro,OR,97124,97124,Whole Foods Tanasbourne,9940 Ne Cornell Rd
Whole Foods Pearl District Portland,Whole Foods,97209,1210 Nw Couch St,Portland,OR,97209,97209,Whole Foods Pearl District Portland,1210 Nw Couch St
Whole Foods Fremont - Oregon,Whole Foods,97212,3535 Ne 15th Ave,Portland,OR,97212,97212,Whole Foods Fremont - Oregon,3535 Ne 15th Ave
Whole Foods Hollywood,Whole Foods,97213,4301 Ne Sandy Blvd,Portland,OR,97213,97213,Whole Foods Hollywood,4301 Ne Sandy Blvd
Whole Foods Laurelhurst,Whole Foods,97214,2825 East Burnside St,Portland,OR,97214,97214,Whole Foods Laurelhurst,2825 East Burnside St
Whole Foods Greenway,Whole Foods,97223,12220 Sw Scholls Ferry Rd,Tigard,OR,97223,97223,Whole Foods Greenway,12220 Sw Scholls Ferry Rd
Whole Foods Bridgeport,Whole Foods,97224,7380 Sw Bridgeport Rd,Tigard,OR,97224,97224,Whole Foods Bridgeport,7380 Sw Bridgeport Rd
Whole Foods Eugene,Whole Foods,97401,353 E Broadway,Eugene,OR,97401,97401,Whole Foods Eugene,353 E Broadway
Whole Foods Bend,Whole Foods,97701,2610 Ne Hwy 20,Bend,OR,97701,97701,Whole Foods Bend,2610 Ne Hwy 20
Whole Foods Bellevue,Whole Foods,98004,888 116th Ave Ne,Bellevue,WA,98004,98004,Whole Foods Bellevue,888 116th Ave Ne
Whole Foods Kirkland,Whole Foods,98034,12501 120th Ave Ne,Kirkland,WA,98034,98034,Whole Foods Kirkland,12501 120th Ave Ne
Whole Foods Lynnwood,Whole Foods,98036,Ste 100 2800 Sw 196th St,Lynnwood,WA,98036,98036,Whole Foods Lynnwood,Ste 100 2800 Sw 196th St
Whole Foods Redmond,Whole Foods,98052,17991 Ne Redmond Way,Redmond,WA,98052,98052,Whole Foods Redmond,17991 Ne Redmond Way
Whole Foods Roosevelt Square,Whole Foods,98115,1026 Ne 64th St,Seattle,WA,98115,98115,Whole Foods Roosevelt Square,1026 Ne 64th St
Whole Foods West Seattle,Whole Foods,98116,Ste 190 4755 Fauntleroy Way Sw,Seattle,WA,98116,98116,Whole Foods West Seattle,Ste 190 4755 Fauntleroy Way Sw
Whole Foods Interbay,Whole Foods,98119,2001 15th Ave W,Seattle,WA,98119,98119,Whole Foods Interbay,2001 15th Ave W
Whole Foods Westlake,Whole Foods,98121,2210 Westlake Ave,Seattle,WA,98121,98121,Whole Foods Westlake,2210 Westlake Ave
Whole Foods Madison Broadway,Whole Foods,98122,1001 Broadway,Seattle,WA,98122,98122,Whole Foods Madison Broadway,1001 Broadway
Whole Foods Bellingham Lakeway,Whole Foods,98229,1030 Lakeway Dr,Bellingham,WA,98229,98229,Whole Foods Bellingham Lakeway,1030 Lakeway Dr
Whole Foods Chambers Bay,Whole Foods,98466,3515 Bridgeport Way W,University Place,WA,98466,98466,Whole Foods Chambers Bay,3515 Bridgeport Way W