EnterpriseSupplier,TotalQuantityOnHand,TotalQuantityOnPurchaseOrder,TotalWeeksOnHand,TotalWeeksOnPO,TotalQuantityOnSalesOrder,Brand,BrandTotalQuantityOnHand,BrandTotalQuantityOnPurchaseOrder,BrandTotalWeeksOnHand,BrandTotalWeeksOnPO,BrandTotalQuantityOnSalesOrder,DC,DcTotalQuantityOnHand,DcTotalQuantityOnPurchaseOrder,DcTotalWeeksOnHand,DcTotalWeeksOnPO,DcTotalQuantityOnSalesOrder,textbox31,UPC,ProductDescription,VendorCasePack,QuantityOnHand,QuantityOnPurchaseOrder,WeeksOnHand,WeeksOnPO,QuantityOnSalesOrder
SMEARCASE COMPANY (02241156),"22,128","3,360",10,2,880,SMEARCASE,"22,128","3,360",10,2,880,"Aurora, CO","2,368",0,34,0,72,       ,850063086004,ICE CREAM FROCO VNLLA BN 14.00 FO,8,808,0,101,0,72
SMEARCASE COMPANY (02241156),"22,128","3,360",10,2,880,SMEARCASE,"22,128","3,360",10,2,880,"Aurora, CO","2,368",0,34,0,72,       ,850063086028,ICE CREAM FROCO PNT BTTR 14.00 FO,8,832,0,26,0,0
SMEARCASE COMPANY (02241156),"22,128","3,360",10,2,880,SMEARCASE,"22,128","3,360",10,2,880,"Aurora, CO","2,368",0,34,0,72,       ,850063086035,ICE CREAM FROCO MOCHA JO 14.00 FO,8,728,0,24,0,0
SMEARCASE COMPANY (02241156),"22,128","3,360",10,2,880,SMEARCASE,"22,128","3,360",10,2,880,"Bloomington, IN",0,"1,680",0,25,408,       ,850063086004,ICE CREAM FROCO VNLLA BN 14.00 FO,8,0,480,0,24,120
SMEARCASE COMPANY (02241156),"22,128","3,360",10,2,880,SMEARCASE,"22,128","3,360",10,2,880,"Bloomington, IN",0,"1,680",0,25,408,       ,850063086028,ICE CREAM FROCO PNT BTTR 14.00 FO,8,0,600,0,26,136
SMEARCASE COMPANY (02241156),"22,128","3,360",10,2,880,SMEARCASE,"22,128","3,360",10,2,880,"Bloomington, IN",0,"1,680",0,25,408,       ,850063086042,ICE CREAM FROCO STRWBRY 14.00 FO,8,0,600,0,25,152
SMEARCASE COMPANY (02241156),"22,128","3,360",10,2,880,SMEARCASE,"22,128","3,360",10,2,880,"Chino A, CA","3,688",0,7,0,120,       ,850063086004,ICE CREAM FROCO VNLLA BN 14.00 FO,8,"1,120",0,6,0,48
SMEARCASE COMPANY (02241156),"22,128","3,360",10,2,880,SMEARCASE,"22,128","3,360",10,2,880,"Chino A, CA","3,688",0,7,0,120,       ,850063086028,ICE CREAM FROCO PNT BTTR 14.00 FO,8,"1,360",0,8,0,40
SMEARCASE COMPANY (02241156),"22,128","3,360",10,2,880,SMEARCASE,"22,128","3,360",10,2,880,"Chino A, CA","3,688",0,7,0,120,       ,850063086035,ICE CREAM FROCO MOCHA JO 14.00 FO,8,880,0,7,0,24
SMEARCASE COMPANY (02241156),"22,128","3,360",10,2,880,SMEARCASE,"22,128","3,360",10,2,880,"Chino A, CA","3,688",0,7,0,120,       ,850063086042,ICE CREAM FROCO STRWBRY 14.00 FO,8,328,0,11,0,8
SMEARCASE COMPANY (02241156),"22,128","3,360",10,2,880,SMEARCASE,"22,128","3,360",10,2,880,"Dallas/Fort Worth, TX","2,408",0,11,0,56,       ,850063086004,ICE CREAM FROCO VNLLA BN 14.00 FO,8,672,0,7,0,24
SMEARCASE COMPANY (02241156),"22,128","3,360",10,2,880,SMEARCASE,"22,128","3,360",10,2,880,"Dallas/Fort Worth, TX","2,408",0,11,0,56,       ,850063086028,ICE CREAM FROCO PNT BTTR 14.00 FO,8,"1,040",0,14,0,16
SMEARCASE COMPANY (02241156),"22,128","3,360",10,2,880,SMEARCASE,"22,128","3,360",10,2,880,"Dallas/Fort Worth, TX","2,408",0,11,0,56,       ,850063086035,ICE CREAM FROCO MOCHA JO 14.00 FO,8,608,0,10,0,16
SMEARCASE COMPANY (02241156),"22,128","3,360",10,2,880,SMEARCASE,"22,128","3,360",10,2,880,"Dallas/Fort Worth, TX","2,408",0,11,0,56,       ,850063086042,ICE CREAM FROCO STRWBRY 14.00 FO,8,88,0,22,0,0
SMEARCASE COMPANY (02241156),"22,128","3,360",10,2,880,SMEARCASE,"22,128","3,360",10,2,880,"Douglasville, GA","2,408",0,24,0,16,       ,850063086004,ICE CREAM FROCO VNLLA BN 14.00 FO,8,840,0,31,0,16
SMEARCASE COMPANY (02241156),"22,128","3,360",10,2,880,SMEARCASE,"22,128","3,360",10,2,880,"Douglasville, GA","2,408",0,24,0,16,       ,850063086028,ICE CREAM FROCO PNT BTTR 14.00 FO,8,712,0,16,0,0
SMEARCASE COMPANY (02241156),"22,128","3,360",10,2,880,SMEARCASE,"22,128","3,360",10,2,880,"Douglasville, GA","2,408",0,24,0,16,       ,850063086035,ICE CREAM FROCO MOCHA JO 14.00 FO,8,712,0,23,0,0
SMEARCASE COMPANY (02241156),"22,128","3,360",10,2,880,SMEARCASE,"22,128","3,360",10,2,880,"Douglasville, GA","2,408",0,24,0,16,       ,850063086042,ICE CREAM FROCO STRWBRY 14.00 FO,8,144,0,0,0,0
SMEARCASE COMPANY (02241156),"22,128","3,360",10,2,880,SMEARCASE,"22,128","3,360",10,2,880,"Lehigh Valley, PA","1,184",0,28,0,16,       ,850063086004,ICE CREAM FROCO VNLLA BN 14.00 FO,8,296,0,27,0,8
SMEARCASE COMPANY (02241156),"22,128","3,360",10,2,880,SMEARCASE,"22,128","3,360",10,2,880,"Lehigh Valley, PA","1,184",0,28,0,16,       ,850063086028,ICE CREAM FROCO PNT BTTR 14.00 FO,8,200,0,14,0,0
SMEARCASE COMPANY (02241156),"22,128","3,360",10,2,880,SMEARCASE,"22,128","3,360",10,2,880,"Lehigh Valley, PA","1,184",0,28,0,16,       ,850063086035,ICE CREAM FROCO MOCHA JO 14.00 FO,8,352,0,44,0,0
SMEARCASE COMPANY (02241156),"22,128","3,360",10,2,880,SMEARCASE,"22,128","3,360",10,2,880,"Lehigh Valley, PA","1,184",0,28,0,16,       ,850063086042,ICE CREAM FROCO STRWBRY 14.00 FO,8,336,0,34,0,8
SMEARCASE COMPANY (02241156),"22,128","3,360",10,2,880,SMEARCASE,"22,128","3,360",10,2,880,"Miami, FL","2,152",0,11,0,24,       ,850063086004,ICE CREAM FROCO VNLLA BN 14.00 FO,8,704,0,10,0,16
SMEARCASE COMPANY (02241156),"22,128","3,360",10,2,880,SMEARCASE,"22,128","3,360",10,2,880,"Miami, FL","2,152",0,11,0,24,       ,850063086028,ICE CREAM FROCO PNT BTTR 14.00 FO,8,864,0,13,0,8
SMEARCASE COMPANY (02241156),"22,128","3,360",10,2,880,SMEARCASE,"22,128","3,360",10,2,880,"Miami, FL","2,152",0,11,0,24,       ,850063086035,ICE CREAM FROCO MOCHA JO 14.00 FO,8,584,0,12,0,0
SMEARCASE COMPANY (02241156),"22,128","3,360",10,2,880,SMEARCASE,"22,128","3,360",10,2,880,"North East Maryland, MD",640,"1,680",4,10,96,       ,850063086004,ICE CREAM FROCO VNLLA BN 14.00 FO,8,128,840,2,14,32
SMEARCASE COMPANY (02241156),"22,128","3,360",10,2,880,SMEARCASE,"22,128","3,360",10,2,880,"North East Maryland, MD",640,"1,680",4,10,96,       ,850063086028,ICE CREAM FROCO PNT BTTR 14.00 FO,8,272,480,5,10,32
SMEARCASE COMPANY (02241156),"22,128","3,360",10,2,880,SMEARCASE,"22,128","3,360",10,2,880,"North East Maryland, MD",640,"1,680",4,10,96,       ,850063086035,ICE CREAM FROCO MOCHA JO 14.00 FO,8,240,360,5,7,32
SMEARCASE COMPANY (02241156),"22,128","3,360",10,2,880,SMEARCASE,"22,128","3,360",10,2,880,"Phoenix, AZ","1,384",0,8,0,32,       ,850063086004,ICE CREAM FROCO VNLLA BN 14.00 FO,8,440,0,6,0,16
SMEARCASE COMPANY (02241156),"22,128","3,360",10,2,880,SMEARCASE,"22,128","3,360",10,2,880,"Phoenix, AZ","1,384",0,8,0,32,       ,850063086028,ICE CREAM FROCO PNT BTTR 14.00 FO,8,528,0,9,0,16
SMEARCASE COMPANY (02241156),"22,128","3,360",10,2,880,SMEARCASE,"22,128","3,360",10,2,880,"Phoenix, AZ","1,384",0,8,0,32,       ,850063086035,ICE CREAM FROCO MOCHA JO 14.00 FO,8,416,0,10,0,0
SMEARCASE COMPANY (02241156),"22,128","3,360",10,2,880,SMEARCASE,"22,128","3,360",10,2,880,"Portland, OR","2,688",0,19,0,24,       ,850063086004,ICE CREAM FROCO VNLLA BN 14.00 FO,8,"1,528",0,25,0,8
SMEARCASE COMPANY (02241156),"22,128","3,360",10,2,880,SMEARCASE,"22,128","3,360",10,2,880,"Portland, OR","2,688",0,19,0,24,       ,850063086028,ICE CREAM FROCO PNT BTTR 14.00 FO,8,"1,160",0,15,0,16
SMEARCASE COMPANY (02241156),"22,128","3,360",10,2,880,SMEARCASE,"22,128","3,360",10,2,880,"Stockton, CA","3,208",0,6,0,16,       ,850063086004,ICE CREAM FROCO VNLLA BN 14.00 FO,8,"1,736",0,7,0,0
SMEARCASE COMPANY (02241156),"22,128","3,360",10,2,880,SMEARCASE,"22,128","3,360",10,2,880,"Stockton, CA","3,208",0,6,0,16,       ,850063086028,ICE CREAM FROCO PNT BTTR 14.00 FO,8,"1,032",0,5,0,16
SMEARCASE COMPANY (02241156),"22,128","3,360",10,2,880,SMEARCASE,"22,128","3,360",10,2,880,"Stockton, CA","3,208",0,6,0,16,       ,850063086035,ICE CREAM FROCO MOCHA JO 14.00 FO,8,440,0,11,0,0

