raw_sku,clean_sku,units_per_case,upc
ICE CREAM FROCO VNLLA BN,VANILLA BEAN,8,850063086004
ICE CREAM FROCO PNT BTTR,PEANUT BUTTER,8,850063086028
ICE CREAM FROCO MOCHA JO,MOCHA JOE,8,850063086035
ICE CREAM FROCO STRWBRY,STRAWBERRY,8,850063086042
"FROCO,VANILLA BEAN",VANILLA BEAN,8,850063086004
"FROCO,PEANUT BUTTER",PEANUT BUTTER,8,850063086028
"FROCO,MOCHA JOE",MOCHA JOE,8,850063086035
"FROCO,STRAWBERRY",STRAWBERRY,8,850063086042
ICE CREAM FROCO PNT BTTR 14.00 FO,PEANUT BUTTER,8,850063086028
ICE CREAM FROCO MOCHA JO 14.00 FO,MOCHA JOE,8,850063086035
ICE CREAM FROCO VNLLA BN 14.00 FO,VANILLA BEAN,8,850063086004
ICE CREAM FROCO STRWBRY 14.00 FO,STRAWBERRY,8,850063086042