Projected Order Date,Product Code,Product,UPC,DC Code,Projected Order Quantity,Projected Order Dollars
2026-09-30,317883,"FROCO,MOCHA JOE",0085006308603,HVA,30,"$1,351"
2026-09-30,317881,"FROCO,VANILLA BEAN",0085006308600,HVA,15,$676
2026-09-30,317882,"FROCO,PEANUT BUTTER",0085006308602,HOW,15,$676
2026-09-30,317882,"FROCO,PEANUT BUTTER",0085006308602,HVA,30,"$1,351"
2026-10-07,317883,"FROCO,MOCHA JOE",0085006308603,HVA,15,$676
2026-10-07,317881,"FROCO,VANILLA BEAN",0085006308600,MAN,15,$676
2026-10-07,317881,"FROCO,VANILLA BEAN",0085006308600,HVA,30,"$1,351"
2026-10-07,317882,"FROCO,PEANUT BUTTER",0085006308602,HVA,15,$676
2026-10-07,317882,"FROCO,PEANUT BUTTER",0085006308602,MAN,15,$676
2026-10-14,317881,"FROCO,VANILLA BEAN",0085006308600,HVA,15,$676
2026-10-14,325315,"FROCO,STRAWBERRY",0085006308604,GRW,30,"$1,351"
2026-10-14,317881,"FROCO,VANILLA BEAN",0085006308600,GRW,45,"$2,027"
2026-10-14,317882,"FROCO,PEANUT BUTTER",0085006308602,GRW,15,$676
2026-10-14,325315,"FROCO,STRAWBERRY",0085006308604,MAN,15,$676
2026-10-14,317882,"FROCO,PEANUT BUTTER",0085006308602,MAN,15,$676
2026-10-14,325315,"FROCO,STRAWBERRY",0085006308604,HOW,15,$676
2026-10-14,317881,"FROCO,VANILLA BEAN",0085006308600,HOW,15,$676
2026-10-14,317882,"FROCO,PEANUT BUTTER",0085006308602,HVA,15,$676
2026-10-19,48193,"FROCO,STRAWBERRY",0085006308604,RID,30,"$1,351"
2026-10-19,48631,"FROCO,MOCHA JOE",0085006308603,RID,30,"$1,351"
2026-10-19,48365,"FROCO,VANILLA BEAN",0085006308600,RID,15,$676
2026-10-19,48630,"FROCO,PEANUT BUTTER",0085006308602,RID,15,$676
2026-10-21,317882,"FROCO,PEANUT BUTTER",0085006308602,MAN,15,$676
2026-10-21,317881,"FROCO,VANILLA BEAN",0085006308600,MAN,15,$676
2026-10-21,325315,"FROCO,STRAWBERRY",0085006308604,RCH,15,$676
2026-10-21,317882,"FROCO,PEANUT BUTTER",0085006308602,RCH,30,"$1,351"
2026-10-21,317882,"FROCO,PEANUT BUTTER",0085006308602,HVA,30,"$1,351"
2026-10-21,317881,"FROCO,VANILLA BEAN",0085006308600,RCH,45,"$2,027"
2026-10-21,317881,"FROCO,VANILLA BEAN",0085006308600,HVA,15,$676
2026-10-21,317883,"FROCO,MOCHA JOE",0085006308603,HVA,15,$676
2026-10-28,325315,"FROCO,STRAWBERRY",0085006308604,MAN,15,$676
2026-10-28,317883,"FROCO,MOCHA JOE",0085006308603,HVA,15,$676
2026-10-28,325315,"FROCO,STRAWBERRY",0085006308604,SRQ,30,"$1,351"
2026-10-28,317881,"FROCO,VANILLA BEAN",0085006308600,SRQ,30,"$1,351"
2026-10-28,317882,"FROCO,PEANUT BUTTER",0085006308602,SRQ,30,"$1,351"
2026-10-28,317882,"FROCO,PEANUT BUTTER",0085006308602,MAN,15,$676
2026-10-28,317881,"FROCO,VANILLA BEAN",0085006308600,HVA,15,$676
2026-10-28,325315,"FROCO,STRAWBERRY",0085006308604,HOW,15,$676
2026-10-28,317882,"FROCO,PEANUT BUTTER",0085006308602,HVA,15,$676
2026-11-04,317881,"FROCO,VANILLA BEAN",0085006308600,HVA,15,$676
2026-11-04,317883,"FROCO,MOCHA JOE",0085006308603,HOW,15,$676
2026-11-04,325315,"FROCO,STRAWBERRY",0085006308604,MAN,15,$676
2026-11-04,317883,"FROCO,MOCHA JOE",0085006308603,HVA,15,$676
2026-11-04,317881,"FROCO,VANILLA BEAN",0085006308600,MAN,15,$676
2026-11-04,317882,"FROCO,PEANUT BUTTER",0085006308602,HVA,15,$676
2026-11-09,48630,"FROCO,PEANUT BUTTER",0085006308602,MOR,15,$676
2026-11-09,48365,"FROCO,VANILLA BEAN",0085006308600,MOR,45,"$2,027"
2026-11-09,48193,"FROCO,STRAWBERRY",0085006308604,MOR,15,$676
2026-11-09,48631,"FROCO,MOCHA JOE",0085006308603,MOR,15,$676
2026-11-11,317881,"FROCO,VANILLA BEAN",0085006308600,HVA,15,$676
2026-11-11,325315,"FROCO,STRAWBERRY",0085006308604,SRQ,45,"$2,027"
2026-11-11,317882,"FROCO,PEANUT BUTTER",0085006308602,RCH,30,"$1,351"
2026-11-11,317882,"FROCO,PEANUT BUTTER",0085006308602,HVA,15,$676
2026-11-11,317883,"FROCO,MOCHA JOE",0085006308603,HVA,15,$676
2026-11-11,317882,"FROCO,PEANUT BUTTER",0085006308602,HOW,15,$676
2026-11-11,317881,"FROCO,VANILLA BEAN",0085006308600,RCH,30,"$1,351"
2026-11-11,317882,"FROCO,PEANUT BUTTER",0085006308602,SRQ,45,"$2,027"
2026-11-11,325315,"FROCO,STRAWBERRY",0085006308604,RCH,30,"$1,351"
2026-11-11,317882,"FROCO,PEANUT BUTTER",0085006308602,MAN,15,$676
2026-11-11,325315,"FROCO,STRAWBERRY",0085006308604,HVA,15,$676
2026-11-18,317881,"FROCO,VANILLA BEAN",0085006308600,HVA,15,$676
2026-11-18,317882,"FROCO,PEANUT BUTTER",0085006308602,HVA,15,$676
2026-11-18,317881,"FROCO,VANILLA BEAN",0085006308600,HOW,15,$676
2026-11-18,317882,"FROCO,PEANUT BUTTER",0085006308602,MAN,15,$676
2026-11-18,325315,"FROCO,STRAWBERRY",0085006308604,HOW,15,$676
2026-11-18,317881,"FROCO,VANILLA BEAN",0085006308600,MAN,15,$676
