,PO Status,PO Number,Distribution Center,Product Code,Product,UPC,Original Qty Ordered,Revised Qty Ordered,PO Create Date,Order Requested Date,Qty Received,Original ETA Date,Revised ETA Date,Delivery Appointment Date,Landed Date,Received Date,Revised Pickup Date,PO Amount,Off Invoice Allowance,Line Purchase Price,Weight,Delivery Method,Transaction Master Cases,PO Buyer Name,Ship From Address,Ship From City,Ship From State,Ship From Zip,On-Time Status,Delivered in Full
1,OPEN,4419012,Hudson Valley NY DC,317883,"FROCO,MOCHA JOE",0085006308603,30,30,2025-07-28,,0,2025-08-11,2025-08-11,,,,2025-08-04,"$1,351",$203,$45.04,180,,30,COURTNEY GAUDREAU,1565 5TH INDUSTRIAL CT,BAYSHORE,NY,11706,Late,
2,OPEN,4419012,Hudson Valley NY DC,317882,"FROCO,PEANUT BUTTER",0085006308602,60,60,2025-07-28,,0,2025-08-11,2025-08-11,,,,2025-08-04,"$2,702",$406,$45.04,360,,60,COURTNEY GAUDREAU,1565 5TH INDUSTRIAL CT,BAYSHORE,NY,11706,Late,
3,OPEN,4513444,Hudson Valley NY DC,317882,"FROCO,PEANUT BUTTER",0085006308602,90,90,2025-09-29,,0,2025-10-13,2025-10-22,,,,2025-10-06,"$4,054",$608,$45.04,540,,90,COURTNEY GAUDREAU,1565 5TH INDUSTRIAL CT,BAYSHORE,NY,11706,Late,
4,OPEN,5035650,Hudson Valley NY DC,317881,"FROCO,VANILLA BEAN",0085006308600,30,30,2026-09-02,,0,2026-09-17,2026-09-19,,,,2026-09-11,"$1,351",$0,$45.04,180,Pickup,30,COURTNEY GAUDREAU,7132 RUPPSVILLE ROAD,ALLENTOWN,PA,18106,Late,
5,OPEN,5035650,Hudson Valley NY DC,317883,"FROCO,MOCHA JOE",0085006308603,15,15,2026-09-02,,0,2026-09-17,2026-09-19,,,,2026-09-11,$676,$0,$45.04,90,Pickup,15,COURTNEY GAUDREAU,7132 RUPPSVILLE ROAD,ALLENTOWN,PA,18106,Late,
6,OPEN,5035652,Howell NJ DC,325315,"FROCO,STRAWBERRY",0085006308604,15,15,2026-09-02,,0,2026-09-18,2026-09-20,2026-09-18,,,2026-09-11,$676,$0,$45.04,90,Pickup,15,COURTNEY GAUDREAU,7132 RUPPSVILLE ROAD,ALLENTOWN,PA,18106,,
7,OPEN,065087456-002,Ridgefield WA DC,48365,"FROCO,VANILLA BEAN",0085006308600,45,45,2026-08-31,,0,2026-09-21,2026-09-21,,,,2026-09-14,"$2,027",$0,$45.04,270,Pickup,45,RAFAEL GONZALES,2323 PORT ROAD A,STOCKTON,CA,95203,,
8,OPEN,5042896,Manchester PA DC,325315,"FROCO,STRAWBERRY",0085006308604,15,15,2026-09-08,,0,2026-09-21,2026-09-21,,,,2026-09-16,$676,$0,$45.04,90,Pickup,15,COURTNEY GAUDREAU,7132 RUPPSVILLE ROAD,ALLENTOWN,PA,18106,,
9,OPEN,5042896,Manchester PA DC,317882,"FROCO,PEANUT BUTTER",0085006308602,30,30,2026-09-08,,0,2026-09-21,2026-09-21,,,,2026-09-16,"$1,351",$0,$45.04,180,Pickup,30,COURTNEY GAUDREAU,7132 RUPPSVILLE ROAD,ALLENTOWN,PA,18106,,
10,OPEN,5042896,Manchester PA DC,317881,"FROCO,VANILLA BEAN",0085006308600,15,15,2026-09-08,,0,2026-09-21,2026-09-21,,,,2026-09-16,$676,$0,$45.04,90,Pickup,15,COURTNEY GAUDREAU,7132 RUPPSVILLE ROAD,ALLENTOWN,PA,18106,,
11,OPEN,065087456-002,Ridgefield WA DC,48630,"FROCO,PEANUT BUTTER",0085006308602,30,30,2026-08-31,,0,2026-09-21,2026-09-21,,,,2026-09-14,"$1,351",$0,$45.04,180,Pickup,30,RAFAEL GONZALES,2323 PORT ROAD A,STOCKTON,CA,95203,,
12,OPEN,065087456-002,Ridgefield WA DC,48193,"FROCO,STRAWBERRY",0085006308604,15,15,2026-08-31,,0,2026-09-21,2026-09-21,,,,2026-09-14,$676,$0,$45.04,90,Pickup,15,RAFAEL GONZALES,2323 PORT ROAD A,STOCKTON,CA,95203,,
13,OPEN,5042904,Hudson Valley NY DC,317882,"FROCO,PEANUT BUTTER",0085006308602,30,30,2026-09-08,,0,2026-09-24,2026-09-24,,,,2026-09-16,"$1,351",$0,$45.04,180,Pickup,30,COURTNEY GAUDREAU,7132 RUPPSVILLE ROAD,ALLENTOWN,PA,18106,,
14,OPEN,5045213,Greenwood IN DC,317881,"FROCO,VANILLA BEAN",0085006308600,45,45,2026-09-09,,0,2026-09-24,2026-09-24,,,,2026-09-16,"$2,027",$0,$45.04,270,Pickup,45,NOELLE CASWELL,7132 RUPPSVILLE ROAD,ALLENTOWN,PA,18106,,
15,OPEN,5045213,Greenwood IN DC,325315,"FROCO,STRAWBERRY",0085006308604,30,30,2026-09-09,,0,2026-09-24,2026-09-24,,,,2026-09-16,"$1,351",$0,$45.04,180,Pickup,30,NOELLE CASWELL,7132 RUPPSVILLE ROAD,ALLENTOWN,PA,18106,,
16,OPEN,5045213,Greenwood IN DC,317882,"FROCO,PEANUT BUTTER",0085006308602,15,15,2026-09-09,,0,2026-09-24,2026-09-24,,,,2026-09-16,$676,$0,$45.04,90,Pickup,15,NOELLE CASWELL,7132 RUPPSVILLE ROAD,ALLENTOWN,PA,18106,,
17,OPEN,5055912,Manchester PA DC,317882,"FROCO,PEANUT BUTTER",0085006308602,15,15,2026-09-16,,0,2026-09-28,2026-09-28,,,,2026-09-23,$676,$0,$45.04,90,Pickup,15,COURTNEY GAUDREAU,7132 RUPPSVILLE ROAD,ALLENTOWN,PA,18106,,
18,OPEN,5055888,Hudson Valley NY DC,317881,"FROCO,VANILLA BEAN",0085006308600,30,30,2026-09-16,,0,2026-10-01,2026-10-01,,,,2026-09-23,"$1,351",$0,$45.04,180,Pickup,30,COURTNEY GAUDREAU,7132 RUPPSVILLE ROAD,ALLENTOWN,PA,18106,,
19,OPEN,5055888,Hudson Valley NY DC,317883,"FROCO,MOCHA JOE",0085006308603,15,15,2026-09-16,,0,2026-10-01,2026-10-01,,,,2026-09-23,$676,$0,$45.04,90,Pickup,15,COURTNEY GAUDREAU,7132 RUPPSVILLE ROAD,ALLENTOWN,PA,18106,,
20,OPEN,5055899,Howell NJ DC,325315,"FROCO,STRAWBERRY",0085006308604,15,15,2026-09-16,,0,2026-10-02,2026-10-02,,,,2026-09-23,$676,$0,$45.04,90,Pickup,15,COURTNEY GAUDREAU,7132 RUPPSVILLE ROAD,ALLENTOWN,PA,18106,,
21,OPEN,5055899,Howell NJ DC,317881,"FROCO,VANILLA BEAN",0085006308600,15,15,2026-09-16,,0,2026-10-02,2026-10-02,,,,2026-09-23,$676,$0,$45.04,90,Pickup,15,COURTNEY GAUDREAU,7132 RUPPSVILLE ROAD,ALLENTOWN,PA,18106,,
22,OPEN,5056206,Richburg SC DC,325315,"FROCO,STRAWBERRY",0085006308604,30,30,2026-09-16,,0,2026-10-02,2026-10-02,,,,2026-09-23,"$1,351",$0,$45.04,180,Pickup,30,NOELLE CASWELL,7132 RUPPSVILLE ROAD,ALLENTOWN,PA,18106,,
23,OPEN,5056206,Richburg SC DC,317882,"FROCO,PEANUT BUTTER",0085006308602,60,60,2026-09-16,,0,2026-10-02,2026-10-02,,,,2026-09-23,"$2,702",$0,$45.04,360,Pickup,60,NOELLE CASWELL,7132 RUPPSVILLE ROAD,ALLENTOWN,PA,18106,,
24,OPEN,5056203,Sarasota North FL DC,317882,"FROCO,PEANUT BUTTER",0085006308602,45,45,2026-09-16,,0,2026-10-05,2026-10-05,,,,2026-09-23,"$2,027",$0,$45.04,270,Pickup,45,NOELLE CASWELL,7132 RUPPSVILLE ROAD,ALLENTOWN,PA,18106,,
25,OPEN,5056203,Sarasota North FL DC,325315,"FROCO,STRAWBERRY",0085006308604,45,45,2026-09-16,,0,2026-10-05,2026-10-05,,,,2026-09-23,"$2,027",$0,$45.04,270,Pickup,45,NOELLE CASWELL,7132 RUPPSVILLE ROAD,ALLENTOWN,PA,18106,,
